"SMILES","HMDB.ID","lab.id","b'Metabolite.name'","M","m/z","CCS","adducts","formal.charge","physiological.charge","predicted.logp.ALOGPS","predicted.logp.ChemAxon","logs","pka.strongest.acidic","pka.strongest.basic","acceptor.count","donor.count","polar.surface.area","rotatable.bond.count","refractivity","polarizability"
"OC[C@H]1O[C@H](C[C@@H]1O)N1C=CC(=O)NC1=O","HMDB00012","S0029","b""2'-Deoxyuridine""","228.0746","251.0644","156.0 ","[M+Na]","0","0","-1.49","-1.5","-0.4","9.71","-3","5","3","99.1","2","51.05","21.06"
"NC1=NC(=O)N(C=C1)[C@H]1C[C@H](O)[C@@H](CO)O1","HMDB00014","S0139","b'Deoxycytidine'","227.0906","250.0804","154.5 ","[M+Na]","0","0","-1.93","-1.9","-1.16","13.89","-0.0012","6","3","108.38","2","53.03","21.65"
"[H]C12CC[C@](O)(C(=O)CO)[C@@]1(C)CCC1([H])[C@@]2([H])CCC2=CC(=O)CC[C@]12C","HMDB00015","S0155","b'Cortexolone'","346.2144","347.2222","187.4 ","[M+H]","0","0","2.79","2.58","-4.14","12.59","-3.3","4","2","74.6","2","95.81","38.78"
"[H]C12CC[C@](O)(C(=O)CO)[C@@]1(C)CCC1([H])[C@@]2([H])CCC2=CC(=O)CC[C@]12C","HMDB00015","S0333","b'11-Deoxycortisol'","346.2144","347.2222","187.4 ","[M+H]","0","0","2.79","2.58","-4.14","12.59","-3.3","4","2","74.6","2","95.81","38.78"
"[H][C@@]12CC[C@H](C(=O)CO)[C@@]1(C)CC[C@@]1([H])[C@@]2([H])CCC2=CC(=O)CC[C@]12C","HMDB00016","L0369","b'11-Deoxycorticosterone'","330.2195","331.2273","186.5 ","[M+H]","0","0","3.1","3.33","-4.3","13.86","-3.3","3","1","54.37","2","94.41","38.19"
"CC1=NC=C(CO)C(C(O)=O)=C1O","HMDB00017","L0261","b'4-Pyridoxic acid'","183.0532","184.061","135.8 ","[M+H]","0","-1","-0.08","-0.75","-1.32","2.55","4.09","5","3","90.65","2","44.55","17.19"
"N[C@@H](CC1=CC=C(O)C(I)=C1)C(O)=O","HMDB00021","L0088","b'3-Iodo-L-tyrosine (MIT)'","306.9705","307.9783","158.8 ","[M+H]","0","0","-1.51","-0.56","-2.52","0.99","9.5","4","3","83.55","3","60.46","23.54"
"NC(=O)NCCC(O)=O","HMDB00026","S0224","b'3-Ureidopropionate'","132.0535","155.0433","132.3 ","[M+Na]","0","-1","-0.98","-1.4","-0.4","4.23","-2","3","3","92.42","3","28.82","12.07"
"[H][C@]12CS[C@@H](CCCCC(O)=O)[C@@]1([H])NC(=O)N2","HMDB00030","L0014","b'D-Biotin'","244.0882","245.096","150.4 ","[M+H]","0","-1","0.17","0.32","-2.3","4.4","-1.9","3","3","78.43","5","60.05","24.92"
"[H][C@@]12CCC(=O)[C@@]1(C)CC[C@@]1([H])[C@@]2([H])CC[C@@]2([H])CC(O)CC[C@]12C","HMDB00031","S0358","b'3alpha-Hydroxy-5alpha-androstan-17-one (Androsterone)'","290.2246","273.2218","166.6 ","[M+H-H2O]","0","0","3.71","3.77","-4.66","18.3","-1.4","2","1","37.3","0","83.81","34.7"
"NCCC(=O)N[C@@H](CC1=CN=CN1)C(O)=O","HMDB00033","S0154","b'L-Carnosine'","226.1066","227.1144","151.0 ","[M+H]","0","0","-2.96","-4.5","-1.31","3.37","9.13","5","4","121.1","6","55.56","22.37"
"[H][C@@]12C[C@H](O)CCC1(C)C1C[C@H](O)C3(C)C(CCC3C1[C@H](O)C2)C(C)CCC(=O)NCCS(O)(=O)=O","HMDB00036","S0243","b'Taurocholate'","515.2917","538.2815","211.2 ","[M+Na]","0","-1","0.79","-0.53","-3.83","-1.1","0.28","7","5","144.16","7","132.19","56.72"
"C[C@]12CCC(=O)C=C1CCC1C3CC[C@H](C(=O)CO)[C@]3(C[C@H](O)C21)C=O","HMDB00037","S0360","b'Aldosterone'","360.1937","361.2015","187.7 ","[M+H]","0","0","1.54","1.06","-3.39","13.82","-2.9","5","2","91.67","3","96.79","38.76"
"CC(O)C(O)C1=NC2=C(NC1)N=C(N)NC2=O","HMDB00038","L0223","b'7,8-Dihydrobiopterin'","239.1018","240.1096","154.1 ","[M+H]","0","0","-1.65","-1.9","-2.17","10.81","3.67","7","5","132.33","2","68.31","23.04"
"C[N+](C)(C)CC([O-])=O","HMDB00043","L0010","b'Betaine'","117.079","118.0868","121.4 ","[M+H]","0","0","-2.7","-4.5","-1.96","2.26","NA","2","0","40.13","2","52.82","12.11"
"[H][C@@]1(OC(=O)C(O)=C1O)[C@@H](O)CO","HMDB00044","S0022","b'L-Ascorbic acid'","176.0321","177.0399","138.6 ","[M+H]","0","-1","-1.58","-1.9","0.14","4.36","-3","5","4","107.22","2","37.03","14.93"
"OC[C@H]1O[C@H](OC[C@H]2OC(O)[C@H](O)[C@@H](O)[C@@H]2O)[C@H](O)[C@@H](O)[C@H]1O","HMDB00048","S0303","b'D-(+)-Melibiose'","342.1162","365.106","176.8 ","[M+Na]","0","0","-3","-4.7","0.17","11.25","-3","11","8","189.53","4","68.34","30.97"
"N[C@@H](CCCNC(=N)N[C@@H](CC(O)=O)C(O)=O)C(O)=O","HMDB00052","L0109","b'Argininosuccinic acid'","290.1226","291.1304","163.9 ","[M+H]","0","-1","-3.25","-5.8","-2.8","2.14","12.39","10","7","185.83","9","75.31","27.6"
"[H][C@@]12CCC(=O)[C@@]1(C)CC[C@@]1([H])[C@@]2([H])CCC2=CC(=O)CC[C@]12C","HMDB00053","L0279","b'Androstendione'","286.1933","287.2011","173.3 ","[M+H]","0","0","2.93","3.93","-4.03","19.03","-4.8","2","0","34.14","0","83.61","33.2"
"OC[C@H]1O[C@@H](O[C@H]2[C@H](O)[C@@H](O)[C@H](O)O[C@@H]2CO)[C@H](O)[C@@H](O)[C@@H]1O","HMDB00055","S0331","b'Cellobiose'","342.1162","365.106","178.1 ","[M+Na]","0","0","-3.01","-4.7","0.23","11.25","-3","11","8","189.53","4","68.34","31.86"
"NC1=NC=NC2=C1N=CN2[C@@H]1O[C@H](COP(O)(O)=O)[C@@H](OP(O)(O)=O)[C@H]1O","HMDB00061","L0285","b""Adenosine 3',5'-diphosphate (PAP)""","427.0294","428.0372","182.5 ","[M+H]","0","-4","-1.63","-6.1","-2.11","0.71","4.92","12","6","232.6","6","84.94","34.31"
"[H][C@@]12CC[C@@](O)(C(=O)CO)[C@@]1(C)C[C@H](O)[C@@]1([H])[C@@]2([H])CCC2=CC(=O)CC[C@]12C","HMDB00063","S0281","b'Hydrocortisone (Cortisol)'","362.2093","363.2171","189.1 ","[M+H]","0","0","1.79","1.28","-3.26","12.58","-2.8","5","3","94.83","2","97.4","39.24"
"CN(CC(O)=O)C(N)=N","HMDB00064","S0047","b'Creatine'","131.0695","132.0773","125.9 ","[M+H]","0","0","-1.59","-2.9","-1.5","3.5","12.43","5","3","90.41","2","42.01","12.17"
"OC[C@H]1O[C@H](C[C@@H]1O)N1C=NC2=C1N=CNC2=O","HMDB00071","L0005","b'Deoxyinosine'","252.0859","253.0937","151.7 ","[M+H]","0","0","-1.62","-0.66","-1.13","11.68","0.08","7","3","113.52","2","58.97","23.69"
"C[C@]12CCC3C(CC=C4C[C@@H](O)CC[C@]34C)C1CCC2=O","HMDB00077","S0339","b'trans-Dehydroandrosterone'","288.2089","271.2061","166.0 ","[M+H-H2O]","0","0","3.53","3.36","-3.82","18.2","-1.4","2","1","37.3","0","84.66","33.2"
"CC1CNC(=O)NC1=O","HMDB00079","S0158","b'Dihydrothymine'","128.0586","129.0664","131.2 ","[M+H]","0","0","-0.8","-0.67","-0.84","11.7","-7.4","2","2","58.2","0","30.32","12.03"
"NC1=NC2=C(N=CN2[C@H]2C[C@H](O)[C@@H](CO)O2)C(=O)N1","HMDB00085","S0070","b'Deoxyguanosine'","267.0968","290.0866","171.7 ","[M+Na]","0","0","-1.75","-1.8","-1.37","10.16","1.83","7","4","134.99","2","63.11","25.22"
"C[N+](C)(C)CCOP([O-])(=O)OC[C@@H](O)CO","HMDB00086","S0106","b'Glycerophosphocholine'","257.1028","258.1106","155.5 ","[M+H]","0","0","-2.56","-5.7","-1.54","1.86","-3","4","2","99.05","8","68.68","24.42"
"O[C@@H]1COC(O)[C@H](O)[C@H]1O","HMDB00098","S0159","b'D-Xylose'","150.0528","173.0426","134.6 ","[M+Na]","0","0","-2.57","-2.3","0.91","11.31","-3.5","5","4","90.15","0","29.96","13.44"
"N[C@@H](CCSC[C@H](N)C(O)=O)C(O)=O","HMDB00099","L0187","b'L-Cystathionine'","222.0674","223.0752","147.0 ","[M+H]","0","0","-4.01","-5.8","-1.11","1.79","9.66","6","4","126.64","7","51.57","22.02"
"NC1=NC=NC2=C1N=CN2[C@H]1C[C@H](O)[C@@H](CO)O1","HMDB00101","L0033","b'Deoxyadenosine'","251.1018","252.1096","152.3 ","[M+H]","0","0","-0.95","-1.2","-1.37","13.89","5","7","3","119.31","2","61.68","24.25"
"OC[C@H](O)[C@@H](O)[C@@H](O)[C@H](O)CO","HMDB00107","S0137","b'Dulcitol'","182.079","205.0688","141.7 ","[M+Na]","0","0","-2.68","-3.7","0.1","12.59","-3","6","6","121.38","5","38.4","17.25"
"NC(=N)NCC(O)=O","HMDB00128","S0005","b'Guanidoacetic acid'","117.0538","118.0616","124.8 ","[M+H]","0","0","-1.76","-3.1","-1.45","3.37","12.24","5","4","99.2","2","36.72","10.45"
"OC(=O)CC1=C(O)C=CC(O)=C1","HMDB00130","S0156","b'Homogentisic acid'","168.0423","151.0395","135.9 ","[M+H-H2O]","0","-1","0.81","1","-1.32","3.57","-5.9","4","3","77.76","2","41.33","15.57"
"[H][C@@]12CC[C@H]([C@H](C)CCC(=O)NCC(O)=O)[C@@]1(C)[C@@H](O)C[C@@]1([H])[C@@]2([H])[C@H](O)CC2C[C@H](O)CC[C@]12C","HMDB00138","L0225","b'Glycocholic acid'","465.309","488.2988","202.0 ","[M+Na]","0","-1","1.7","1.38","-4.27","3.77","-0.04","6","5","127.09","6","123.59","53.03"
"[H][C@@]12CCC(=O)[C@@]1(C)CC[C@]1([H])C3=C(CC[C@@]21[H])C=C(O)C=C3","HMDB00145","S0343","b'Estrone'","270.162","271.1698","164.3 ","[M+H]","0","0","4.03","4.31","-4.84","10.33","-5.4","2","1","37.3","0","79.08","31.27"
"[H][C@@]12CC[C@H](O)[C@@]1(C)CC[C@]1([H])C3=C(CC[C@@]21[H])C=C(O)C=C3","HMDB00151","S0126","b'\xce\xb2-Estradiol'","272.1776","255.1748","159.7 ","[M+H-H2O]","0","0","3.57","3.75","-4.11","10.33","-0.88","2","2","40.46","0","79.9","32.13"
"OC[C@H]1O[C@H](O[C@H]2[C@H](O)[C@H](O)[C@@H](O)O[C@@H]2CO)[C@H](O)[C@@H](O)[C@@H]1O","HMDB00163","S0143","b'D-Maltose'","342.1162","365.106","178.1 ","[M+Na]","0","0","-3.01","-4.7","0.23","11.25","-3","11","8","189.53","4","68.34","31.43"
"C[C@@H]1OC(O)[C@@H](O)[C@H](O)[C@@H]1O","HMDB00174","S0141","b'L-Fucose'","164.0685","187.0583","144.6 ","[M+Na]","0","0","-2.39","-1.9","0.7","11.3","-3.6","5","4","90.15","0","34.38","15.35"
"N[C@@H](CC1=CC(O)=C(O)C=C1)C(O)=O","HMDB00181","S0122","b'3,4-Dihydroxy-L-phenylalanine(L-DOPA)'","197.0688","198.0766","148.7 ","[M+H]","0","0","-2.32","-1.8","-1.78","1.65","9.06","5","4","103.78","3","49.08","18.91"
"CN1C=NC=C1C[C@H](NC(=O)CCN)C(O)=O","HMDB00194","L0301","b'L-Anserine'","240.1222","241.13","154.1 ","[M+H]","0","0","-2.95","-4.3","-1.78","3.44","9.13","5","3","110.24","6","60.46","24.23"
"OC(=O)CC1=CNC2=C1C=CC=C2","HMDB00197","S0136","b'Indoleacetic acid'","175.0633","176.0711","136.2 ","[M+H]","0","-1","1.87","1.71","-2.1","4.66","NA","2","2","53.09","2","48.45","17.74"
"CC(=O)NCCCC[C@H](N)C(O)=O","HMDB00206","L0011","b'N6-Acetyl-L-lysine'","188.1161","189.1239","142.3 ","[M+H]","0","0","-2.58","-3.2","-1.03","2.43","9.53","4","3","92.42","6","47.25","20.28"
"O[C@H]1[C@H](O)[C@@H](O)[C@H](O)[C@H](O)[C@@H]1O","HMDB00211","S0024","b'myo-Inositol '","180.0634","203.0532","148.2 ","[M+Na]","0","0","-2.59","-3.8","0.43","12.29","-3.6","6","6","121.38","0","35.77","16.14"
"NC[C@H](O)C1=CC(O)=C(O)C=C1","HMDB00216","L0270","b'Norepinephrine'","169.0739","152.0711","137.3 ","[M+H-H2O]","0","1","-1.4","-0.68","-1.13","9.5","8.85","4","4","86.71","2","44.46","16.96"
"NC[C@H](O)C1=CC(O)=C(O)C=C1","HMDB00216","S0229","b'Norepinephrine'","169.0739","152.0711","136.8 ","[M+H-H2O]","0","1","-1.4","-0.68","-1.13","9.5","8.85","4","4","86.71","2","44.46","16.96"
"NC(=O)C1=C[N+](=CC=C1)[C@@H]1O[C@H](CO[P@](O)(=O)O[P@](O)(=O)OC[C@H]2O[C@H]([C@H](OP(O)(O)=O)[C@@H]2O)N2C=NC3=C(N)N=CN=C23)[C@@H](O)[C@H]1O","HMDB00217","L0042","b'Nicotinamide adenine dinucleotide phosphate (NADP)'","743.0755","744.0833","230.9 ","[M+H]","1","-3","-0.78","-11","-2.27","0.66","4.92","17","9","364.79","13","152.87","61.01"
"CCCCCCCCCCCCCCCC(O)=O","HMDB00220","S0135","b'Palmitic acid'","256.2402","279.23","195.0 ","[M+Na]","0","-1","7.23","6.26","-5.8","4.95","NA","2","1","37.3","14","77.08","34.36"
"NC(=O)C1=CC=C[N+](=C1)[C@@H]1O[C@H](COP(O)([O-])=O)[C@@H](O)[C@H]1O","HMDB00229","L0039","b'Nicotinamide ribotide'","334.0566","335.0644","165.2 ","[M+H]","0","-1","-1.53","-6.2","-1.97","1.21","-2.2","7","4","166.25","5","70.59","28.78"
"CC(=O)N[C@@H]1[C@@H](O)C[C@](O)(O[C@H]1[C@H](O)[C@H](O)CO)C(O)=O","HMDB00230","L0104","b'N-Acetylneuraminic acid'","309.106","332.0958","168.6 ","[M+Na]","0","-1","-2.78","-3.6","-0.13","3","-0.38","9","7","176.78","5","63.78","27.82"
"OC(=O)C1=CC=CN=C1C(O)=O","HMDB00232","S0019","b'Quinolinate'","167.0219","150.0191","130.5 ","[M+H-H2O]","0","-2","0.15","-0.54","-1.61","0.29","5.26","5","2","87.49","2","38.04","14.34"
"[H][C@@]12CC[C@H](O)[C@@]1(C)CC[C@@]1([H])[C@@]2([H])CCC2=CC(=O)CC[C@]12C","HMDB00234","S0127","b'Testosterone'","288.2089","289.2167","172.7 ","[M+H]","0","0","2.99","3.37","-3.94","19.09","-0.88","2","1","37.3","0","84.43","34.02"
"C[C@H](O)C(=O)C1=NC2=C(NC1)NC(N)=NC2=O","HMDB00238","L0331","b'Sepiapterin'","237.0862","238.094","152.8 ","[M+H]","0","0","-1.09","-1.4","-2.3","7.93","3.16","8","4","129.17","2","67.5","22.44"
"CC1=C(O)C(CO)=C(CO)C=N1","HMDB00239","S0080","b'Pyridoxine'","169.0739","170.0817","134.6 ","[M+H]","0","0","-0.57","-0.95","-1.02","9.4","5.58","4","3","73.58","2","44.11","17.11"
"CC1=C(CCC(O)=O)/C2=C/C3=N/C(=C\C4=C(C)C(C=C)=C(N4)/C=C4\N=C(\C=C\1/N\2)C(C=C)=C4C)/C(C)=C3CCC(O)=O","HMDB00241","L0334","b'Protoporphyrin IX'","562.258","563.2658","241.4 ","[M+H]","0","-2","4.4","6.78","-4.41","3.68","4.96","6","4","131.96","8","163.81","65.97"
"CC1=C(C)C=C2N(C[C@H](O)[C@H](O)[C@H](O)CO)C3=NC(=O)NC(=O)C3=NC2=C1","HMDB00244","S0072","b'Riboflavin (Vitamin B2)'","376.1383","377.1461","188.3 ","[M+H]","0","-1","-1.05","-0.92","-2.76","6.97","0.76","9","5","155.05","5","96.27","37.5"
"NCC1=C(CC(O)=O)C(CCC(O)=O)=CN1","HMDB00245","L0233","b'Porphobilinogen'","226.0956","249.0854","148.1 ","[M+Na]","0","-1","-2.4","-2.7","-1.92","3.66","8.99","5","4","116.41","6","56.38","22.53"
"OC[C@H](O)[C@@H](O)[C@H](O)[C@H](O)CO","HMDB00247","S0140","b'D-Sorbitol'","182.079","205.0688","142.5 ","[M+Na]","0","0","-2.68","-3.7","0.1","12.59","-3","6","6","121.38","5","38.4","17.12"
"N[C@@H](CC1=CC(I)=C(OC2=CC(I)=C(O)C(I)=C2)C(I)=C1)C(O)=O","HMDB00248","L0260","b'L-Thyroxine'","776.6867","777.6945","216.2 ","[M+H]","0","0","1.15","3.73","-4.94","0.27","9.43","4","3","92.78","5","126.79","49.4"
"CCCCCCCCCCCCC\C=C\C(O)C(N)CO","HMDB00252","L0160","b'Sphingosine'","299.2824","300.2902","186.0 ","[M+H]","0","1","5.15","4.57","-4.89","14.12","9.23","3","3","66.48","15","91.89","39.38"
"[H][C@@]12CC[C@H](C(C)=O)[C@@]1(C)CC[C@@]1([H])C2CC=C2C[C@H](O)CC[C@]12C","HMDB00253","S0330","b'Pregnenolone'","316.2402","317.248","174.0 ","[M+H]","0","0","4.06","3.58","-4.37","18.2","-1.4","2","1","37.3","1","93.76","37.93"
"CC(C)=CCC\C(C)=C/CC\C(C)=C\CC\C=C(/C)CC\C=C(/C)CCC=C(C)C","HMDB00256","L0100","b'Squalene'","410.3913","411.3991","210.9 ","[M+H]","0","0","8.64","10.42","-5.91","NA","NA","0","0","0","15","144.62","55.9"
"N[C@@H](CC1=CC(I)=C(OC2=CC(I)=C(O)C=C2)C(I)=C1)C(O)=O","HMDB00265","L0124","b'Liothyronine'","650.79","651.7978","209.7 ","[M+H]","0","0","0.82","2.8","-4.52","0.3","9.48","4","3","92.78","5","113.43","43.92"
"[H][C@@]12CC[C@H](C(=O)CO)[C@@]1(C)C[C@H](O)[C@@]1([H])C2CC[C@]2([H])C[C@H](O)CC[C@]12C","HMDB00268","S0356","b'3alpha,11beta,21-Trihydroxy-5beta-pregnan-20-one'","350.2457","333.2429","179.6 ","[M+H-H2O]","0","0","2.07","1.86","-3.47","13.86","-0.25","4","3","77.76","2","96.2","39.88"
"CCCCCCCCCCCCCCC[C@@H](O)[C@@H](N)CO","HMDB00269","L0159","b'Sphinganine'","301.2981","302.3059","188.0 ","[M+H]","0","1","5.2","4.77","-4.82","14.42","9.29","3","3","66.48","16","90.93","40.49"
"CC1=CN([C@H]2C[C@H](O)[C@@H](CO)O2)C(=O)NC1=O","HMDB00273","S0030","b'Thymidine'","242.0903","265.0801","161.0 ","[M+Na]","0","0","-1.32","-1.1","-0.56","9.96","-3","5","3","99.1","2","55.41","23.06"
"N[C@@H](CCCCN[C@@H](CCC(O)=O)C(O)=O)C(O)=O","HMDB00279","L0155","b'L-Saccharopine'","276.1321","277.1399","159.8 ","[M+H]","0","-1","-2.77","-5.4","-1.72","1.44","10.89","8","5","149.95","11","63.95","28.14"
"OC[C@H]1OC(O)[C@H](O)[C@@H]1O","HMDB00283","L0106","b'D-Ribose'","150.0528","173.0426","135.3 ","[M+Na]","0","0","-2.65","-2.3","0.85","11.31","-3","5","4","90.15","1","29.96","13.68"
"OC[C@@H]1OC(OP(O)(=O)OP(O)(=O)OC[C@@H]2O[C@@H]([C@@H](O)[C@H]2O)N2C=CC(=O)NC2=O)[C@@H](O)[C@H](O)[C@H]1O","HMDB00286","L0031","b'Uridine diphosphate glucose\xef\xbc\x88UDP-D-Glucose)'","566.055","589.0448","209.2 ","[M+Na]","0","-2","-1.43","-5","-1.58","1.73","-3.6","14","9","291.54","9","106.46","46.5"
"CC(=O)N[C@@H]1[C@@H](O)[C@H](O)[C@@H](CO)O[C@@H]1OP(O)(=O)OP(O)(=O)OC[C@H]1O[C@H]([C@H](O)[C@@H]1O)N1C=CC(=O)NC1=O","HMDB00290","L0303","b'UDP-N-acetylglucosamine'","607.0816","608.0894","208.8 ","[M+H]","0","-2","-1.41","-5.3","-1.72","1.74","-3.5","14","9","300.41","10","117.56","50.35"
"COC1=C(O)C=CC(=C1)[C@H](O)C(O)=O","HMDB00291","S0157","b'DL-Vanillylmandelic acid'","198.0528","181.05","133.3 ","[M+H-H2O]","0","-1","0.94","0.43","-1.58","3.11","-4.1","5","3","86.99","3","47.15","18.45"
"OC(=O)\C=C\C1=CNC=N1","HMDB00301","S0242","b'Urocanic acid'","138.0429","139.0507","134.1 ","[M+H]","0","-1","0.22","-1","-0.51","3.85","6.13","3","2","65.98","2","35.57","13.1"
"OC[C@H]1O[C@H](O[P@@](O)(=O)O[P@@](O)(=O)OC[C@H]2O[C@H]([C@H](O)[C@@H]2O)N2C=CC(=O)NC2=O)[C@H](O)[C@@H](O)[C@H]1O","HMDB00302","L0152","b'UDP-D-Galactose'","566.055","589.0448","209.4 ","[M+Na]","0","-2","-1.43","-5","-1.58","1.73","-3.6","14","9","291.54","9","106.46","45.05"
"NCCC1=CNC2=CC=CC=C12","HMDB00303","L0087","b'Tryptamine'","160.1","143.0972","125.1 ","[M+H-H2O]","0","1","1.21","1.49","-2.08","17.17","9.73","1","2","41.81","2","50.37","18.34"
"[H][C@@]12CC[C@](O)(C(C)=O)[C@@]1(C)CC[C@@]1([H])[C@@]2([H])CCC2=CC(=O)CC[C@]12C","HMDB00374","L0280","b'17alpha-Hydroxyprogesterone'","330.2195","331.2273","183.4 ","[M+H]","0","0","2.99","3.4","-4.05","12.7","-3.8","3","1","54.37","1","94.11","37.93"
"CC(C)[C@@](O)(CC(O)=O)C(O)=O","HMDB00402","S0112","b'2-Isopropylmalic acid'","176.0685","199.0583","140.9 ","[M+Na]","0","-2","-0.29","0.21","0.01","3.63","-4.1","5","3","94.83","4","38.58","16.37"
"NC1=NC(O)=NC2=C1NC=N2","HMDB00403","S0183","b'2-Hydroxyadenine'","151.0494","152.0572","127.0 ","[M+H]","0","0","-0.65","-0.2","-1.33","10.78","2.02","5","3","100.71","0","40.15","13.36"
"OC(=O)CNC(=O)C1=CC=CO1","HMDB00439","S0220","b'2-Furoylglycine'","169.0375","214.0093","154.9 ","[M-H+2Na]","0","-1","0.1","-0.41","-1.29","3.34","-3.8","3","2","79.54","3","38.51","15.36"
"NC[C@H](O)CC[C@H](N)C(O)=O","HMDB00450","S0153","b'5-Hydroxy-L-lysine'","162.1004","163.1082","135.1 ","[M+H]","0","1","-3.77","-4.4","-0.12","2.45","9.75","5","4","109.57","5","39.17","16.55"
"N[C@@H](CCSCC(N)C(O)=O)C(O)=O","HMDB00455","S0109","b'Allocystathionine'","222.0674","223.0752","146.7 ","[M+H]","0","0","-4.01","-5.8","-1.11","1.79","9.66","6","4","126.64","7","51.57","22.28"
"C[C@H](O)[C@H](O)C1=NC2=C(NC(N)=NC2=O)N=C1","HMDB00468","L0150","b'Biopterin'","237.0862","238.094","153.5 ","[M+H]","0","0","-0.87","-1.2","-1.77","7.6","-1.3","8","4","133.72","2","58.13","22.41"
"NC(CC1=CNC2=C1C=C(O)C=C2)C(O)=O","HMDB00472","S0162","b'5-Hydroxy-L-tryptophan'","220.0848","243.0746","152.2 ","[M+Na]","0","0","-1.56","-1.4","-1.78","2.15","9.18","4","4","99.34","3","58.18","22.03"
"NC(CC1=CNC2=C1C=C(O)C=C2)C(O)=O","HMDB00472","S0129","b'5-Hydroxytryptophan'","220.0848","243.0746","152.2 ","[M+Na]","0","0","-1.56","-1.4","-1.78","2.15","9.18","4","4","99.34","3","58.18","22.03"
"CN1C=NC=C1C[C@H](N)C(O)=O","HMDB00479","S0081","b'3-Methylhistidine '","169.0851","170.0929","134.1 ","[M+H]","0","0","-2.89","-3.4","-1.39","1.96","9.43","4","2","81.14","3","42.96","16.58"
"COC1=C(O)C=CC(=C1)C(O)=O","HMDB00484","S0146","b'Vanillic acid'","168.0423","169.0501","136.2 ","[M+H]","0","-1","1.7","1.17","-1.47","4.16","-4.9","4","2","66.76","2","41.76","15.87"
"OC(=O)C1=CC=C(O)C=C1","HMDB00500","S0014","b'4-Hydroxybenzoate'","138.0317","121.0289","119.0 ","[M+H-H2O]","0","-1","1.58","1.33","-1.06","4.38","-6.1","3","2","57.53","1","35.3","12.94"
"OC[C@H](O)[C@H](O)[C@H](O)CO","HMDB00508","S0174","b'Ribitol'","152.0685","175.0583","136.3 ","[M+Na]","0","0","-2.53","-3.1","0.64","12.76","-3","5","5","101.15","4","32.44","14.38"
"NC(CCCC(O)=O)C(O)=O","HMDB00510","L0090","b'DL-2-Aminoadipic acid'","161.0689","162.0767","134.4 ","[M+H]","0","-1","-3.43","-2.8","-0.69","2.01","9.53","5","3","100.62","5","35.89","15.53"
"CC(=O)N[C@@H](CC1=CC=CC=C1)C(O)=O","HMDB00512","L0086","b'N-Acetyl-L-phenylalanine'","207.0895","230.0793","149.8 ","[M+Na]","0","-1","1.11","0.9","-2.33","4.02","-1.5","3","2","66.4","4","54.56","21.22"
"[H][C@@]1(CC[C@@]2([H])[C@]3([H])[C@H](O)C[C@]4([H])C[C@H](O)CC[C@]4(C)[C@@]3([H])CC[C@]12C)[C@H](C)CCC(O)=O","HMDB00518","S0255","b'Chenodeoxycholate'","392.2927","357.2793","189.1 ","[M+H-2H2O]","0","-1","3.01","3.71","-4.3","4.6","-0.54","4","3","77.76","4","109.27","46.28"
"CC(=O)NCC(O)=O","HMDB00532","S0150","b'Acetylglycine'","117.0426","162.0144","140.6 ","[M-H+2Na]","0","-1","-0.89","-1.3","-0.36","3.77","-1.6","3","2","66.4","2","25.45","10.69"
"O[C@@H]1[C@@H](COP(O)(O)=O)O[C@H]([C@@H]1O)N1C=NC2=C1N=CN=C2NC(CC(O)=O)C(O)=O","HMDB00536","L0317","b'Adenylsuccinic acid'","463.074","486.0638","195.6 ","[M+Na]","0","-4","-1.96","-5.3","-2.29","1.22","4.58","14","7","246.68","9","96.18","39.51"
"NC1=NC=NC2=C1N=CN2[C@@H]1O[C@H](COP(O)(=O)OP(O)(=O)OP(O)(O)=O)[C@@H](O)[C@H]1O","HMDB00538","L0067","b""Adenosine 5'-triphosphate (ATP)""","506.9957","508.0035","196.4 ","[M+H]","0","-3","-0.84","-6","-2.05","0.9","5","14","7","279.13","8","95.81","38.92"
"C[C@@H](CCC(O)=O)CC(O)=O","HMDB00555","S0149","b'3-Methyladipic acid'","160.0736","205.0454","153.9 ","[M-H+2Na]","0","-2","0.65","0.78","-0.98","4.04","NA","4","2","74.6","5","37.29","15.9"
"CN1CC(=O)NC1=N","HMDB00562","S0042","b'Creatinine'","113.0589","114.0667","123.4 ","[M+H]","0","0","-1.65","-1.1","-1.06","13.19","2.96","3","2","56.19","0","38.81","10.74"
"CCCCCCCCCCCCCCCC(=O)OC[C@H](COP([O-])(=O)OCC[N+](C)(C)C)OC(=O)CCCCCCCCCCCCCCC","HMDB00564","S0151","b'PC(16:0/16:0)'","733.5622","734.57","285.5 ","[M+H]","0","0","5.29","8.11","-7.52","1.86","-6.7","4","0","111.19","40","215.87","92"
"CC1=C(CCC(O)=O)/C2=C/C3=N/C(=C\C4=C(C)C(CCC(O)=O)=C(N4)/C=C4\N=C(\C=C\1/N\2)C(C)=C4CCC(O)=O)/C(CCC(O)=O)=C3C","HMDB00570","S0144","b'Coproporphyrin III'","654.269","655.2768","257.2 ","[M+H]","0","-4","2.53","4.95","-4.33","3.52","5.16","10","6","206.56","12","176.26","73.93"
"NC(CCSSCCC(N)C(O)=O)C(O)=O","HMDB00575","S0291","b'DL-Homocystine'","268.0551","269.0629","157.9 ","[M+H]","0","0","-4.15","-5.3","-1.78","1.8","9.8","6","4","126.64","9","64.38","26.92"
"NC(CC1=CC(I)=C(OC2=CC=C(O)C=C2)C(I)=C1)C(O)=O","HMDB00582","S0121","b'3,5-Diiodothyronine'","524.8934","525.9012","198.2 ","[M+H]","0","0","0.45","1.87","-4","0.33","9.23","4","3","92.78","5","100.06","38.7"
"OC[C@H]1O[C@@H]([C@H](O)[C@@H]1OP(O)(=O)O[C@]([H])(C)CNC(=O)CC[C@]1(C)[C@@H](CC(=O)N)[C@@]2([H])N([Co]C#N)\C1=C(C)/C1=N/C(=C\C3=N\C(=C(C)/C4=N[C@]2(C)[C@@](C)(CC(=O)N)[C@@H]4CCC(=O)N)\[C@@](C)(CC(=O)N)[C@@H]3CCC(=O)N)/C(C)(C)[C@@H]1CCC(=O)N)N1C=NC2=CC(C)=C(C)C=C12","HMDB00607","L0183","b'Cyanocobalamin (Vitamin B12)'","1354.5674","1355.5752","338.2 ","[M+H]","0","2","1.87","NA","-4.55","1.84","8.77","NA","NA","NA","NA","NA","NA"
"[H][C@@](C)(CCC(O)=O)[C@@]1([H])CC[C@@]2([H])[C@]3([H])[C@]([H])(O)C[C@]4([H])C[C@]([H])(O)CC[C@]4(C)[C@@]3([H])C[C@]([H])(O)[C@]12C","HMDB00619","S0034","b'Cholic acid'","408.2876","431.2774","197.3 ","[M+Na]","0","-1","2.26","2.48","-3.74","4.48","-0.16","5","4","97.99","4","110.79","46.93"
"[H][C@@]12CC[C@H]([C@H](C)CCC(O)=O)[C@@]1(C)[C@@H](O)C[C@@]1([H])[C@@]2([H])CC[C@]2([H])C[C@H](O)CC[C@]12C","HMDB00626","S0111","b'Deoxycholic acid'","392.2927","357.2793","188.9 ","[M+H-2H2O]","0","-1","3.3","3.79","-4.35","4.65","-0.35","4","3","77.76","4","109.2","46.17"
"[H][C@]12CCC3C4CC[C@H]([C@H](C)CCC(=O)NCC(O)=O)[C@@]4(C)[C@@H](O)CC3[C@@]1(C)CC[C@@H](O)C2","HMDB00631","L0371","b'Glycodeoxycholic acid'","449.3141","472.3039","203.9 ","[M+Na]","0","-1","2.69","2.69","-4.76","3.77","-0.18","5","4","106.86","6","122","51.96"
"[H][C@@]12C[C@H](O)CC[C@]1(C)C1CC[C@]3(C)[C@H](CCC3C1[C@H](O)C2)[C@H](C)CCC(=O)NCC(O)=O","HMDB00637","S0244","b'Glycochenodeoxycholate'","449.3141","472.3039","203.3 ","[M+Na]","0","-1","2.4","2.61","-4.75","3.77","-0.29","5","4","106.86","6","122.08","52.04"
"O[C@@H]([C@@H](O)[C@H](O)C(O)=O)[C@@H](O)C(O)=O","HMDB00639","S0379","b'D-Galactarate'","210.0376","233.0274","147.3 ","[M+Na]","0","-2","-1.77","-3.1","-0.52","2.83","-3.7","8","6","155.52","5","38.14","17.14"
"OC[C@H]1O[C@H](OP(O)(O)=O)[C@H](O)[C@@H](O)[C@H]1O","HMDB00645","L0327","b'a-D-Galactose 1-phosphate'","260.0297","283.0195","157.5 ","[M+Na]","0","-2","-2","-3.1","-0.91","1.16","-3","8","6","156.91","3","46.8","20.62"
"[H][C@@]12CC[C@H]([C@H](C)CCCC(C)C)[C@@]1(C)CC[C@@]1([H])[C@@]2([H])CC=C2C[C@H](CC[C@]12C)OS(O)(=O)=O","HMDB00653","L0130","b'Sholesteryl sulfate'","466.3117","511.2835","263.8 ","[M-H+2Na]","0","-1","3.27","7.17","-6.8","-1.4","NA","3","1","63.6","7","130.61","56.43"
"OC(CC1=CNC2=C1C=CC=C2)C(O)=O","HMDB00671","L0142","b'Indolelactic acid'","205.0739","206.0817","143.8 ","[M+H]","0","-1","1.33","1.28","-1.99","4.14","-3.9","3","3","73.32","3","54.55","20.7"
"CC(C)CC(=O)NCC(O)=O","HMDB00678","S0195","b'Isovalerylglycine'","159.0895","160.0973","155.1 ","[M+H]","0","-1","0.35","0.1","-1.39","4.17","-1.1","3","2","66.4","4","39.22","16.39"
"OS(=O)(=O)OC1=CNC2=CC=CC=C12","HMDB00682","L0119","b'Indoxyl sulfate'","213.0096","289.9292","160.4 ","[M-H+2K]","0","-1","-0.48","1.29","-2.43","-1.8","NA","3","2","79.39","2","49.12","19.37"
"N[C@@H](CC(=O)C1=CC=CC=C1N)C(O)=O","HMDB00684","S0083","b'L-Kynurenine'","208.0848","209.0926","149.1 ","[M+H]","0","0","-1.93","-1.9","-2.1","1.19","8.96","5","3","106.41","4","55.05","20.59"
"O[C@H](CCC(O)=O)C(O)=O","HMDB00694","L0275","b'(S)-2-Hydroxyglutarate'","148.0372","214.991","147.6 ","[M-2H+3Na]","0","-2","-1.04","-0.82","0.03","3.28","-3.8","5","3","94.83","4","29.63","12.97"
"[H][C@@]1(CC[C@@]2([H])[C@]3([H])CC[C@]4([H])C[C@H](O)CC[C@]4(C)[C@@]3([H])CC[C@]12C)[C@H](C)CCC(=O)NCC(O)=O","HMDB00698","L0321","b'Glycolithocholic acid'","433.3192","434.327","200.9 ","[M+H]","0","-1","3.71","3.92","-5.45","3.77","-0.58","4","3","86.63","6","120.48","51.3"
"C[N+]1=CC=CC(=C1)C(N)=O","HMDB00699","S0374","b'1-Methylnicotinamide'","137.0715","137.0715","126.4 ","[M]","1","1","-3.72","-4.3","-2.38","12.24","-2.2","1","1","46.97","1","39.13","14.25"
"CCCCCC(=O)NCC(O)=O","HMDB00701","L0195","b'Hexanoylglycine'","173.1052","218.077","163.7 ","[M-H+2Na]","0","-1","0.9","0.71","-1.68","4.25","-0.95","3","2","66.4","6","43.88","18.74"
"N[C@@H](CC(O)=O)C(=O)N[C@@H](CC1=CC=CC=C1)C(O)=O","HMDB00706","S0167","b'L-Aspartyl-L-phenylalanine'","280.1059","281.1137","164.9 ","[M+H]","0","-1","-2.43","-2.8","-2.39","3.17","8.53","6","4","129.72","7","68.45","27.39"
"OC(=O)CNC(=O)C1=CC=CC=C1","HMDB00714","S0171","b'Hippuric acid'","179.0582","224.03","160.8 ","[M-H+2Na]","0","-1","0.23","0.53","-2.18","3.59","-1.5","3","2","66.4","3","46.12","17.57"
"OC(=O)C1=CC(=O)C2=CC=CC=C2N1","HMDB00715","S0079","b'Kynurenic acid'","189.0426","190.0504","137.0 ","[M+H]","0","-1","1.16","1.58","-2.3","3.17","-4.4","4","2","66.4","1","52.32","18.05"
"OC(=O)[C@@H]1CCCCN1","HMDB00716","S0050","b'L-Pipecolic acid'","129.079","130.0868","127.4 ","[M+H]","0","0","-2.17","-2.1","0.09","2.06","10.39","3","2","49.33","1","32.67","13.49"
"NCC(=O)N1CCCC1C(O)=O","HMDB00721","S0169","b'Glycylproline'","172.0848","173.0926","136.4 ","[M+H]","0","0","-2.65","-3.7","0.21","3.61","8.13","4","2","83.63","2","40.99","16.6"
"C[C@H](CCC(=O)NCCS(O)(=O)=O)C1CCC2C3CCC4C[C@H](O)CC[C@]4(C)C3CC[C@]12C","HMDB00722","S0307","b'Taurolithocholic acid'","483.3018","466.299","220.6 ","[M+H-H2O]","0","-1","2.1","2.19","-6.24","-0.84","0.099","5","3","103.7","7","129.09","55.66"
"CC(C)C(=O)NCC(O)=O","HMDB00730","L0206","b'Isobutyrylglycine'","145.0739","190.0457","151.1 ","[M-H+2Na]","0","-1","-0.11","-0.085","-0.91","4.06","-1.2","3","2","66.4","3","34.65","14.56"
"N[C@@H](CSS(O)(=O)=O)C(O)=O","HMDB00731","L0165","b'Cysteine-S-sulfate'","200.9766","201.9844","144.2 ","[M+H]","0","-1","-2.33","-2.3","-0.57","-1.9","8.99","6","3","117.69","4","38.64","16.76"
"N1C=CC2=C1C=CC=C2","HMDB00738","S0044","b'Indole'","117.0578","118.0656","121.0 ","[M+H]","0","0","2.29","2.07","-1.34","16.44","NA","0","1","15.79","0","37.14","12.82"
"CC(C)C[C@H](NC(=O)CN)C(O)=O","HMDB00759","L0125","b'Glycyl-L-leucine'","188.1161","189.1239","149.5 ","[M+H]","0","0","-2.08","-2.7","-1.09","3.89","8.14","4","3","92.42","5","46.97","19.4"
"[H][C@@]12CC[C@H]([C@H](C)CCC(O)=O)[C@@]1(C)CC[C@@]1([H])[C@@]2([H])CCC2C[C@H](O)CC[C@]12C","HMDB00761","S0301","b'Lithocholic acid '","376.2977","359.2949","193.4 ","[M+H-H2O]","0","-1","4.38","5.02","-5.87","4.79","-1.4","3","2","57.53","4","107.68","45.8"
"OC(=O)CC1=CNC2=CC=C(O)C=C12","HMDB00763","L0141","b'5-Hydroxyindoleacetate'","191.0582","192.066","140.9 ","[M+H]","0","-1","1.28","1.41","-2.03","4.22","-5.5","3","3","73.32","2","50.43","18.71"
"C[C@H](NC(C)=O)C(O)=O","HMDB00766","S0203","b'N-Acetyl-L-alanine'","131.0582","176.03","144.6 ","[M-H+2Na]","0","-1","-0.53","-0.76","-0.48","3.89","-1.5","3","2","66.4","2","29.94","12.49"
"OC[C@H]1O[C@H]([C@H](O)[C@@H]1O)C1=CNC(=O)NC1=O","HMDB00767","L0244","b'Pseudouridine'","244.0695","267.0593","159.0 ","[M+Na]","0","0","-2.01","-3.1","-0.58","9.55","-3","6","5","128.12","2","52.44","21.81"
"[H][C@@]12CC[C@H](C(C)=O)[C@@]1(C)CC[C@@]1([H])[C@@]2([H])CC=C2CC(CC[C@]12C)OS(O)(=O)=O","HMDB00774","L0417","b'pregnenolone sulfate'","396.197","441.1688","232.5 ","[M-H+2Na]","0","-1","0.98","3.64","-5.49","-1.4","-7.4","4","1","80.67","3","103.75","43.79"
"OC(CC1=CC=CC=C1)C(O)=O","HMDB00779","L0191","b'DL-3-Phenyllactic acid'","166.063","167.0708","137.8 ","[M+H]","0","-1","0.84","1.18","-1.23","4.02","-3.8","3","2","57.53","3","43.46","16.7"
"O=C1NC(=O)C2=CNNC2=N1","HMDB00786","S0165","b'Oxypurinol'","152.0334","153.0412","126.7 ","[M+H]","0","0","-2.01","-1.7","-1.82","7.19","-3.7","5","3","82.59","0","55.35","12.6"
"CC(C)CCCC(C)CCCC(C)CCCC(C)C(O)=O","HMDB00795","L0400","b'Pristanic acid'","298.2872","321.277","206.3 ","[M+Na]","0","-1","6.9","7.22","-6.34","5","NA","2","1","37.3","13","90.7","38.82"
"CC(=O)N[C@@H](CC(O)=O)C(O)=O","HMDB00812","S0246","b'N-Acetyl-L-aspartic acid'","175.0481","198.0379","139.0 ","[M+Na]","0","-2","-0.79","-1.4","-0.92","3.41","-1.5","5","3","103.7","4","35.98","15.29"
"NC(=O)N[C@@H](CC(O)=O)C(O)=O","HMDB00828","L0084","b'N-carbamoyl-L-aspartate'","176.0433","199.0331","139.1 ","[M+Na]","0","-2","-1.12","-1.7","-0.92","3.33","-2.6","5","4","129.72","4","34.65","14.72"
"CCCCCCCCCCCCCCCCCC(=O)NC(CO)C(O)\C=C\CCCCCCCCCCCCC","HMDB00829","L0373","b'N-Stearoylsphingosine (Ceramide C18)'","565.5434","588.5332","256.4 ","[M+Na]","0","0","9.78","11.75","-7.25","13.62","0.02","3","3","69.56","32","174.98","77.92"
"OC(=O)CNC(=O)C1=CC=CC=C1O","HMDB00840","L0139","b'Salicyluric acid'","195.0532","240.025","163.7 ","[M-H+2Na]","0","-1","0.51","0.87","-1.68","3.27","-2","4","3","86.63","3","48.1","18.4"
"NC1=NC2=C(N=C(C=N2)C(O)C(O)CO)C(=O)N1","HMDB00845","L0157","b'D-Neopterin'","253.0811","254.0889","157.1 ","[M+H]","0","0","-1.75","-2.8","-1.61","9.99","0.98","8","5","153.95","3","60.11","23.34"
"CCCCCCCCCCCCCCCCCC(=O)OC(CC([O-])=O)C[N+](C)(C)C","HMDB00848","L0423","b'Stearoylcarnitine'","427.3662","428.374","221.1 ","[M+H]","0","0","2.62","2.92","-7.68","4.22","-7.1","3","0","66.43","22","146.28","54.8"
"COC(=O)CCCC(O)=O","HMDB00858","S0247","b'Monomethyl glutaric acid'","146.0579","191.0297","147.5 ","[M-H+2Na]","0","-1","0.19","0.19","-0.4","4.22","-7","3","1","63.6","5","32.91","14.31"
"OC(=O)CNC(=O)CCC1=CC=CC=C1","HMDB00860","L0200","b'Phenylpropionylglycine'","207.0895","230.0793","145.5 ","[M+Na]","0","-1","0.93","0.95","-2.92","4","-1.5","3","2","66.4","5","54.77","21.48"
"CC(=O)N[C@@H](CC1=CC=C(O)C=C1)C(O)=O","HMDB00866","S0164","b'N-Acetyl-L-tyrosine'","223.0845","246.0743","154.5 ","[M+Na]","0","-1","1.03","0.59","-1.95","3.67","-1.5","4","3","86.63","4","56.54","22.21"
"NCCC1=CNC=N1","HMDB00870","S0217","b'Histamine'","111.0796","112.0874","120.0 ","[M+H]","0","1","-0.69","-0.7","0.18","14.46","9.58","2","2","54.7","2","31.66","12.08"
"OC(=O)C1=NC2=C(O)C=CC=C2C(O)=C1","HMDB00881","S0028","b'Xanthurenic acid'","205.0375","206.0453","140.5 ","[M+H]","0","-1","2.01","0.78","-2.1","1.12","5.3","5","3","90.65","1","50.83","19.06"
"CC1=CN([C@@H]2O[C@H](CO)[C@@H](O)[C@H]2O)C(=O)NC1=O","HMDB00884","S0227","b'Ribothymidine'","258.0852","281.075","165.6 ","[M+Na]","0","0","-1.71","-2","-0.28","9.95","-3","6","4","119.33","2","56.92","24.02"
"CC(=O)OCC[N+](C)(C)C","HMDB00895","L0265","b'Acetylcholine'","145.1103","146.1181","129.7 ","[M+H]","1","1","-2.91","-4.2","-3.13","NA","-7","1","0","26.3","4","51.35","16.69"
"[H][C@@]1(CC[C@@]2([H])[C@]3([H])CC[C@]4([H])C[C@H](O)CC[C@]4(C)[C@@]3([H])C[C@H](O)[C@]12C)[C@H](C)CCC(=O)NCCS(O)(=O)=O","HMDB00896","S0318","b'Taurodeoxycholic acid'","499.2968","500.3046","204.5 ","[M+H]","0","-1","1.19","0.85","-4.81","-0.94","0.22","6","4","123.93","7","130.6","56.56"
"CN1C=NC(CCN)=C1","HMDB00898","L0318","b'1-Methylhistamine'","125.0953","126.1031","121.3 ","[M+H]","0","1","-0.57","-0.48","-1.39","NA","9.57","2","1","43.84","2","36.56","14.24"
"[H][C@@]12CCC(=O)[C@@]1(C)CC[C@@]1([H])[C@@]2([H])CC[C@@]2([H])CC(=O)CC[C@]12C","HMDB00899","S0361","b'5alpha-Androstane-3,17-dione'","288.2089","289.2167","180.6 ","[M+H]","0","0","3.4","3.97","-4.59","19.78","-7.1","2","0","34.14","0","82.78","33.84"
"CC(C)[C@@H](C)\C=C\[C@@H](C)[C@@]1([H])CC[C@@]2([H])\C(CCC[C@]12C)=C\C=C1\C[C@@H](O)CCC1=C","HMDB00900","L0180","b'Vitamin D2 (Ergocalciferol)'","396.3392","397.347","202.4 ","[M+H]","0","0","7.59","7.05","-5.96","18.38","-1.3","1","1","20.23","5","128.89","50.73"
"CC(C)[C@@H](C)\C=C\[C@@H](C)[C@@]1([H])CC[C@@]2([H])\C(CCC[C@]12C)=C\C=C1\C[C@@H](O)CCC1=C","HMDB00900","L0343","b'Ergocalciferol (Vitamin D2)'","396.3392","397.347","203.2 ","[M+H]","0","0","7.59","7.05","-5.96","18.38","-1.3","1","1","20.23","5","128.89","50.73"
"NC(=O)C1=C[N+](=CC=C1)[C@@H]1O[C@H](COP(O)(=O)OP(O)(=O)OC[C@H]2O[C@H]([C@H](O)[C@@H]2O)N2C=NC3=C2N=CN=C3N)[C@@H](O)[C@H]1O","HMDB00902","L0009","b'Nicotinamide adenine dinucleotide (NAD)'","663.1091","664.1169","226.7 ","[M+H]","1","-1","-1.18","-10","-2.59","1.86","5","15","8","318.26","11","142","55.86"
"OC(=O)\C=C\C1=CC=CC=C1","HMDB00930","S0215","b'trans-cinnamate'","148.0524","149.0602","125.3 ","[M+H]","0","-1","2.38","2.14","-2.38","4.51","NA","2","1","37.3","2","43.06","15.43"
"OC(=O)CCCCCCCC\C=C\C(O)=O","HMDB00933","S0283","b'Traumatic Acid'","228.1362","251.126","161.9 ","[M+Na]","0","-2","2.96","3.16","-3.11","4.72","NA","4","2","74.6","10","61.44","26.06"
"O[C@@H]1[C@@H](COP(O)(=O)OP(O)(=O)O[C@H]2O[C@@H]([C@@H](O)[C@H](O)[C@H]2O)C(O)=O)O[C@H]([C@@H]1O)N1C=CC(=O)NC1=O","HMDB00935","L0081","b""Uridine 5'-diphosphoglucuronic acid (UDP-D-glucuronate)""","580.0343","603.0241","210.1 ","[M+Na]","0","-3","-1.21","-4.7","-1.51","1.72","-3.7","15","9","308.61","9","106.32","45.26"
"OC(=O)CCC1=C(CC(O)=O)/C2=C/C3=N/C(=C\C4=C(CCC(O)=O)C(CC(O)=O)=C(N4)/C=C4\N=C(\C=C\1/N\2)C(CC(O)=O)=C4CCC(O)=O)/C(CC(O)=O)=C3CCC(O)=O","HMDB00936","L0335","b'Uroporphyrin I'","830.2283","831.2361","285.1 ","[M+H]","0","-8","0.76","3.51","-4.35","3.16","NA","18","10","355.76","20","201.32","84.92"
"[H][C@@]1(CC[C@@]2([H])[C@]3([H])[C@H](O)C[C@]4([H])C[C@H](O)CC[C@]4(C)[C@@]3([H])CC[C@]12C)[C@H](C)CCC(=O)NCCS(O)(=O)=O","HMDB00951","S0245","b'Taurochenodeoxycholate'","499.2968","522.2866","207.4 ","[M+Na]","0","-1","1.38","0.81","-4.82","-0.99","0.18","6","4","123.93","7","130.68","56.64"
"OC(=O)CCCCCCC(=O)NCC(O)=O","HMDB00953","L0201","b'Suberylglycine'","231.1107","254.1005","153.7 ","[M+Na]","0","-2","0.32","0.27","-2.06","3.91","-0.95","5","3","103.7","9","54.74","23.96"
"NC1=NC2=C(N=CN2[C@H]2C[C@H](O)[C@@H](COP(O)(=O)OP(O)(O)=O)O2)C(=O)N1","HMDB00960","L0129","b""2'-Deoxyguanosine 5'-diphosphate (dGDP)""","427.0294","428.0372","187.7 ","[M+H]","0","-2","-1.45","-2.6","-2.07","1.97","1.36","11","6","228.05","6","84.86","34.99"
"NC(=O)CCCCC1CCSS1","HMDB00962","L0221","b'Lipoamide'","205.0595","228.0493","150.5 ","[M+Na]","0","0","2.3","1.31","-3.31","16.45","-0.58","1","1","43.09","5","56.19","22.38"
"CC1=CN([C@@H]2O[C@H](CO)[C@@H](O)[C@H]2O)C(=O)N=C1N","HMDB00982","S0230","b'5-Methylcytidine'","257.1012","258.109","157.4 ","[M+H]","0","0","-2.17","-2.4","-1.09","12.55","-0.12","7","4","128.61","2","58.9","24.54"
"CCCCCCC(N)C(O)=O","HMDB00991","S0189","b'DL-2-Aminooctanoic acid'","159.1259","160.1337","147.1 ","[M+H]","0","0","-0.99","-0.54","-1.47","2.89","9.53","3","2","63.32","6","43.43","18.72"
"NC1=NC(=O)N(C=C1)[C@H]1C[C@H](O)[C@@H](COP(O)(=O)OP(O)(=O)OP(O)(O)=O)O1","HMDB00998","L0059","b""Deoxycytidine 5'-triphosphate (dCTP)""","466.9896","467.9974","184.9 ","[M+H]","0","-3","-0.52","-3.6","-1.6","0.95","-0.05","12","6","247.97","8","85.65","35.21"
"NC1=NC=NC2=C1N=CN2[C@@H]1O[C@H](COP(O)(=O)OS(O)(=O)=O)[C@@H](O)[C@H]1O","HMDB01003","L0069","b""Adenosine 5'-phosphosulfate (APS)""","427.0199","450.0097","190.4 ","[M+Na]","0","-2","-1.64","-5.8","-2.11","-2.1","4.99","12","5","229.44","6","84.06","35.24"
"CC1=C(C=C)\C(NC1=O)=C\C1=C(C)C(CCC(O)=O)=C(N1)\C=C1/N\C(=C\C2=NC(=O)C(C=C)=C2C)C(C)=C1CCC(O)=O","HMDB01008","L0333","b'Biliverdin'","582.2478","605.2376","246.7 ","[M+Na]","0","-1","3.77","0.47","-4.68","3.65","7.13","8","5","160.95","11","169.16","64.53"
"CSCC[C@@H](NC=O)C(O)=O","HMDB01015","S0097","b'N-Formylmethionine'","177.046","222.0178","151.9 ","[M-H+2Na]","0","-1","-0.61","-0.16","-1.26","3.93","-0.91","3","2","66.4","5","42.54","17.46"
"O[C@H]1C[C@H](O)[C@@H](COP(O)(O)=O)O1","HMDB01031","L0271","b'2-Deoxyribose 5-phosphate'","214.0242","237.014","148.4 ","[M+Na]","0","-2","-2.14","-1.5","-0.76","1.23","-3.3","6","4","116.45","3","39.32","17.46"
"NC1=NC(=O)C2=C(N1)N(C=N2)[C@H]1C[C@H](O)[C@@H](COP(O)(O)=O)O1","HMDB01044","S0294","b""2'-Deoxyguanosine 5'-monophosphate (dGMP)""","347.0631","370.0529","169.7 ","[M+Na]","0","-2","-1.92","-2.8","-2.11","1.21","2.62","10","5","181.52","4","73.55","29.86"
"N[C@@H](CCC(=O)N[C@@H](CS)C(O)=O)C(O)=O","HMDB01049","L0138","b'Gamma-Glutamylcysteine'","250.0623","251.0701","157.7 ","[M+H]","0","-1","-2.53","-3.8","-1.98","1.91","9.24","6","5","129.72","7","56.31","23.36"
"NC1=NC2=C(N=C(CNC3=CC=C(C=C3)C(=O)N[C@@H](CCC(O)=O)C(O)=O)CN2)C(=O)N1","HMDB01056","L0041","b'7,8-Dihydrofolate'","443.1553","444.1631","193.6 ","[M+H]","0","-2","-1.61","-2.1","-3.55","3.16","3.68","11","7","207.6","9","121.19","44.38"
"O[C@H]1[C@H](O)[C@](O)(COP(O)(O)=O)O[C@@H]1COP(O)(O)=O","HMDB01058","L0227","b'D-Fructose 1,6-bisphosphate'","339.996","362.9858","168.2 ","[M+Na]","0","-4","-1.51","-3","-1.33","0.89","-3.7","10","7","203.44","6","58.11","25.28"
"CC(=O)N[C@H]1C(O)O[C@H](COP(O)(O)=O)[C@@H](O)[C@@H]1O","HMDB01062","L0310","b'N-Acetyl-D-Glucosamine 6-Phosphate'","301.0563","324.0461","164.0 ","[M+Na]","0","-2","-2.02","-3.3","-1.23","1.23","-0.79","8","6","165.78","4","57.9","25.8"
"C[C@@H](O)C(=O)SC[C@H](NC(=O)CC[C@H](N)C(O)=O)C(=O)NCC(O)=O","HMDB01066","L0336","b'S-Lactoylglutathione'","379.1049","380.1127","187.7 ","[M+H]","0","-1","-2.88","-5.4","-1.7","1.74","9.31","9","6","196.12","12","84.78","36.01"
"CC(=O)NC(CC(O)=O)C(=O)NC(CCC(O)=O)C(O)=O","HMDB01067","L0177","b'N-Acetylaspartylglutamate (NAAG)'","304.0907","327.0805","166.3 ","[M+Na]","0","-3","-1.1","-2.3","-1.97","3.13","-1.4","8","5","170.1","9","64.06","27"
"OC[C@H]1O[C@](O)(COP(O)(O)=O)[C@@H](O)[C@@H]1O","HMDB01076","L0323","b'Fructose 1-phosphate'","260.0297","283.0195","155.4 ","[M+Na]","0","-2","-2.11","-2.9","-0.89","1.16","-3","8","6","156.91","4","47.23","21.06"
"O[C@@H]1O[C@H](COP(O)(O)=O)[C@@H](O)[C@H](O)[C@@H]1O","HMDB01078","L0397","b'D-Mannose-6-phosphate'","260.0297","283.0195","155.8 ","[M+Na]","0","-2","-2.06","-3.1","-0.92","1.22","-3.6","8","6","156.91","3","46.8","20.43"
"CCCC(=O)SCCNC(=O)CCNC(=O)C(O)C(C)(C)COP(O)(=O)OP(O)(=O)OCC1OC(C(O)C1OP(O)(O)=O)N1C=NC2=C1N=CN=C2N","HMDB01088","L0082","b'Butyryl-coenzyme A (Butyryl-CoA)'","837.157","838.1648","252.9 ","[M+H]","0","-4","-0.22","-5.8","-2.32","0.83","4.95","17","9","363.63","22","181.44","75.82"
"C[C@@H]1OC(OP(O)(=O)OP(O)(=O)OC[C@H]2O[C@H]([C@H](O)[C@@H]2O)N2C=NC3=C2N=C(N)NC3=O)[C@@H](O)[C@H](O)[C@@H]1O","HMDB01095","L0383","b'GDP-L-Fucose'","589.0822","590.09","217.2 ","[M+H]","0","-2","-1.69","-4.5","-1.92","1.93","1.31","15","9","307.2","8","116.97","47.87"
"CN1C=[N+]([C@@H]2O[C@H](CO)[C@@H](O)[C@H]2O)C2=C1C(=O)N=C(N)N2","HMDB01107","L0049","b'7-Methylguanosine'","298.1151","298.1151","166.5 ","[M]","1","1","-1.43","-6.2","-1.77","8.16","-2.1","8","5","146.21","2","69.38","28.49"
"CCCCCCCCCCCCCCCCCC(=O)SCCNC(=O)CCNC(=O)C(O)C(C)(C)COP(O)(=O)OP(O)(=O)OC[C@H]1O[C@H]([C@H](O)[C@@H]1OP(O)(O)=O)N1C=NC2=C1N=CN=C2N","HMDB01114","L0403","b'Stearoyl-CoA'","1033.3762","1034.384","302.9 ","[M+H]","0","-4","2.86","0.39","-3.04","0.83","4.95","17","9","363.63","36","245.85","104.58"
"NC1=CC=CC=C1C(O)=O","HMDB01123","S0363","b'Anthranilic acid (Vitamin L1)'","137.0477","120.0449","118.8 ","[M+H-H2O]","0","-1","0.78","1.45","-1.3","4.89","1.95","3","2","63.32","1","38.01","13.29"
"[H][C@@]1(O)O[C@H](CO)[C@@H](O)[C@H](O)[C@@H]1NC(C)=O","HMDB01129","L0324","b'N-Acetylmannosamine'","221.0899","244.0797","149.9 ","[M+Na]","0","0","-2.6","-3.2","0.06","11.6","-0.78","6","5","119.25","2","47.02","20.82"
"O[C@H]1[C@@H](O)[C@@H](O[C@@H]1COP(O)([O-])=O)[N+]1=CC=CC(C1)C(O)=O","HMDB01132","L0224","b'Nicotinate D-ribonucleotide'","335.0406","336.0484","164.8 ","[M+H]","0","-2","0.18","-5.5","-1.6","1.21","-3.7","8","4","159.59","5","80.91","28.69"
"[H][C@@]1(CO)OC(O)[C@@]([H])(O)[C@@]([H])(O)[C@@]1([H])O","HMDB01151","S0353","b'D-Allose '","180.0634","203.0532","143.1 ","[M+Na]","0","0","-2.57","-2.9","0.64","11.3","-3","6","5","110.38","1","35.92","16.27"
"NC1=NC2=C(N=CN2[C@@H]2O[C@H](COP(O)(=O)OP(O)(=O)O[C@H]3O[C@H](CO)[C@@H](O)[C@H](O)[C@@H]3O)[C@@H](O)[C@H]2O)C(=O)N1","HMDB01163","L0292","b'Guanosine diphosphate mannose'","605.0772","628.067","220.9 ","[M+Na]","0","-2","-1.76","-5.5","-1.89","1.31","3.19","16","10","327.43","9","118.51","48.77"
"[H][C@@]1(CC[C@@]2([H])C3=CC[C@@]4([H])C[C@@H](O)CC[C@]4(C)[C@@]3([H])CC[C@]12C)[C@H](C)CCCC(C)C","HMDB01170","L0391","b'Lathosterol'","386.3549","369.3521","204.5 ","[M+H-H2O]","0","0","7.4","7.11","-7.04","18.36","-1.3","1","1","20.23","5","120.62","50.6"
"[H][C@]1(O[C@](C[C@H](O)[C@H]1NC(C)=O)(OP(O)(=O)OC[C@H]1O[C@H]([C@H](O)[C@@H]1O)N1C=CC(N)=NC1=O)C(O)=O)[C@H](O)[C@H](O)CO","HMDB01176","L0294","b'Cytidine monophosphate N-acetylneuraminic acid'","614.1473","637.1371","220.7 ","[M+Na]","0","-2","-2.7","-5.9","-1.23","1.48","-0.77","16","10","320.69","11","125.42","54.33"
"NC1=C2N=CN(C3OC(COP(O)(=O)OP(O)(=O)OCC4OC(O)C(O)C4O)C(O)C3O)C2=NC=N1","HMDB01178","L0442","b'ADP-ribose'","559.0717","560.0795","211.4 ","[M+H]","0","-2","-1.8","-6.7","-2.19","1.86","5","15","8","291.52","9","111.12","46.75"
"NC1=NC2=C(N=CN2[C@@H]2O[C@H](COP(O)(=O)OP(O)(O)=O)[C@@H](O)[C@H]2O)C(=O)N1","HMDB01201","L0062","b""_x000D_\nGuanosine 5'-diphosphate (GDP)""","443.0243","444.0321","191.5 ","[M+H]","0","-2","-1.51","-3.5","-2","1.97","1.35","12","7","248.28","6","86.37","35.28"
"CC(=O)SCCNC(=O)CCNC(=O)[C@H](O)C(C)(C)COP(O)(=O)OP(O)(=O)OC[C@H]1O[C@H]([C@H](O)[C@@H]1OP(O)(O)=O)N1C=NC2=C1N=CN=C2N","HMDB01206","L0058","b'Acetyl coenzyme A (Acetyl-CoA)'","809.1258","810.1336","244.7 ","[M+H]","0","-4","-0.58","-7","-2.27","0.83","4.95","17","9","363.63","20","172.21","71.4"
"NC(=O)NC(NC(N)=O)C(O)=O","HMDB01209","L0306","b'Allantoate/Allantoic acid'","176.0546","199.0444","143.0 ","[M+Na]","0","-1","-2.12","-2.6","-1.42","3.24","-3.1","4","5","147.54","3","35.1","14.6"
"CC(=O)[C@@H](O)[C@H](O)COP(O)(O)=O","HMDB01213","L0429","b'1-Deoxy-D-xylulose 5-phosphate '","214.0242","237.014","144.9 ","[M+Na]","0","-2","-1.93","-1.9","-0.89","1.48","-3.6","6","4","124.29","5","40.77","17.18"
"CCCCC[C@H](O)\C=C\[C@H]1[C@H](O)CC(=O)[C@@H]1C\C=C/CCCC(O)=O","HMDB01220","L0372","b'Prostaglandin E2'","352.225","375.2148","196.8 ","[M+Na]","0","-1","3.31","3.23","-3.9","4.3","-1.6","5","3","94.83","12","99.44","41"
"CC(=O)NCCC1=CNC2=C1C=C(O)C=C2","HMDB01238","S0130","b'N-Acetylserotonin'","218.1055","219.1133","149.8 ","[M+H]","0","0","0.98","1","-2.58","9.56","-0.94","2","3","65.12","3","61.8","23.59"
"CC(C)C(=O)SCCNC(=O)CCNC(=O)[C@H](O)C(C)(C)COP(O)(=O)OP(O)(=O)OC[C@H]1O[C@H]([C@H](O)[C@@H]1OP(O)(O)=O)N1C=NC2=C1N=CN=C2N","HMDB01243","L0101","b'Isobutyryl-CoA'","837.157","838.1648","252.0 ","[M+H]","0","-4","-0.31","-5.7","-2.34","0.83","4.95","17","9","363.63","21","181.41","75.19"
"NC1=NC(=O)N(C=C1)[C@H]1C[C@H](O)[C@@H](COP(O)(=O)OP(O)(O)=O)O1","HMDB01245","L0116","b""2'-Deoxycytidine diphosphate (dCDP)""","387.0233","410.0131","174.5 ","[M+Na]","0","-2","-1.48","-3","-1.53","1.78","-0.005","10","5","201.44","6","74.78","30.77"
"CC1=CC2=C(C=C1C)N(C[C@H](O)[C@H](O)[C@H](O)CO[P@](O)(=O)O[P@@](O)(=O)OC[C@H]1O[C@H]([C@H](O)[C@@H]1O)N1C=NC3=C1N=CN=C3N)C1=NC(=O)NC(=O)C1=N2","HMDB01248","L0043","b'Flavin adenine dinucleotide (FAD)'","785.1571","786.1649","247.3 ","[M+H]","0","-3","-0.78","-5.3","-2.27","1.86","4.99","19","9","356.42","13","177.43","70.62"
"[H][C@@]1(CC[C@@]2(C)C3=C(CC[C@]12C)[C@@]1(C)CC[C@H](O)C(C)(C)[C@]1([H])CC3)[C@H](C)CCC=C(C)C","HMDB01251","S0132","b'Lanosterol'","426.3862","409.3834","207.3 ","[M+H-H2O]","0","0","7.72","7.71","-6.06","19.55","-0.81","1","1","20.23","4","134.54","54.97"
"C[N+](C)(C)CC=O","HMDB01252","L0075","b'Betaine aldehyde'","101.0841","102.0919","117.2 ","[M+H]","1","1","-2.69","-4.7","-2.17","NA","-8.2","1","0","17.07","2","41.06","11.64"
"NCCCNCCCCNCCCN","HMDB01256","L0021","b'Spermine'","202.2157","203.2235","148.2 ","[M+H]","0","4","-0.66","-1.5","-1.97","NA","11.1","4","4","76.1","11","62.56","26.69"
"NCCCCNCCCN","HMDB01257","L0153","b'Spermidine'","145.1579","146.1657","131.9 ","[M+H]","0","3","-0.62","-1.1","-0.65","NA","10.9","3","3","64.07","7","44.97","18.8"
"OC[C@H]1O[C@H](O[C@H]2[C@H](O)[C@@H](O)[C@@H](O[C@H]3[C@H](O)[C@@H](O)C(O)O[C@@H]3CO)O[C@@H]2CO)[C@H](O)[C@@H](O)[C@@H]1O","HMDB01262","S0213","b'Maltotriose'","504.169","527.1588","212.7 ","[M+Na]","0","0","-2.74","-6.5","0.04","11.22","-3.6","16","11","268.68","7","100.75","46.65"
"CC1=CN([C@H]2C[C@H](O)[C@@H](COP(O)(=O)OP(O)(O)=O)O2)C(=O)NC1=O","HMDB01274","L0117","b""Deoxythymidine 5'-diphosphate (dTDP)""","402.0229","425.0127","177.6 ","[M+Na]","0","-2","-0.87","-1.7","-1.76","1.77","-3.2","9","5","192.16","6","77.16","32.13"
"OC(=O)[C@@H](COP(O)(O)=O)OP(O)(O)=O","HMDB01294","L0061","b'2,3-Diphospho-D-glyceric acid'","265.9593","288.9491","152.3 ","[M+Na]","0","-5","-1.55","-1.8","-1.44","0.48","NA","8","5","170.82","6","42.13","17.96"
"NC1=NC2=C(N=CN2[C@@H]2O[C@@H]3COP(O)(=O)O[C@H]3[C@H]2O)C(=O)N1","HMDB01314","L0381","b""3',5'-Cyclic guanosine monophosphate""","345.0474","346.0552","172.8 ","[M+H]","0","-1","-1.98","-2.1","-1.96","2.05","1.41","8","4","170.52","1","71.72","29.19"
"CC1=NC=C(COP(O)(O)=O)C(CO)=C1O","HMDB01319","L0446","b'Pyridoxine 5-phosphate'","249.0402","250.048","150.5 ","[M+H]","0","-2","-0.8","-3.6","-1.42","1.74","5.55","6","4","120.11","4","54.98","21.72"
"CCCCCCCC\C=C/CCCCCCCC(=O)SCCNC(=O)CCNC(=O)C(O)C(C)(C)COP(O)(=O)OP(O)(=O)OC[C@H]1O[C@H]([C@H](O)[C@@H]1OP(O)(O)=O)N1C=NC2=C1N=CN=C2N","HMDB01322","L0438","b'Oleoyl-CoA'","1031.3605","1032.3683","299.4 ","[M+H]","0","-4","2.83","0.032","-3.06","0.83","4.95","17","9","363.63","35","246.97","103.01"
"C[N+](C)(C)CCCC[C@H](N)C([O-])=O","HMDB01325","L0190","b'N6,N6,N6-Trimethyl-L-lysine'","188.1525","189.1603","142.0 ","[M+H]","0","1","-3.18","-6.2","-3.31","2.41","9.53","3","1","66.15","6","74.63","21.55"
"CCCCC[C@H](O)\C=C\[C@H]1[C@H](O)C[C@@H]2OC(C[C@H]12)=CCCCC(O)=O","HMDB01335","L0385","b'Prostaglandin I2'","352.225","353.2328","198.6 ","[M+H]","0","-1","3.83","2.42","-3.41","4.43","-1.6","5","3","86.99","10","99.01","41.47"
"CCCCCCCCCCCCCCCC(=O)SCCNC(=O)CCNC(=O)C(O)C(C)(C)COP(O)(=O)OP(O)(=O)OC[C@H]1O[C@H]([C@H](O)[C@@H]1OP(O)(O)=O)N1C=NC2=C1N=CN=C2N","HMDB01338","L0295","b'Palmitoyl CoA'","1005.3449","1006.3527","296.2 ","[M+H]","0","-4","2.35","-0.5","-2.76","0.83","4.95","17","9","363.63","34","236.65","100.19"
"CC(C)(COP(O)(=O)OP(O)(=O)OC[C@H]1O[C@H]([C@H](O)[C@@H]1OP(O)(O)=O)N1C=NC2=C1N=CN=C2N)C(O)C(=O)NCCC(=O)NCCSC(=O)CCCC(O)=O","HMDB01339","L0330","b'Glutaryl-CoA'","881.1469","882.1547","260.5 ","[M+H]","0","-5","-0.48","-6.7","-2.39","0.83","5.01","19","10","400.93","24","187.7","78.02"
"CCCCCCCCCCCCCCCCCC(=O)N[C@@]([H])(COP(O)(=O)OCC[N+](C)(C)C)[C@]([H])(O)\C=C\CCCCCCCCCCCCC","HMDB01348","L0095","b'Sphingomyelin (d18:1/18:0)'","730.5989","731.6067","290.2 ","[M+H]","1","0","5.35","8.95","-7.25","1.87","0.012","4","3","105.09","38","224.27","93.09"
"C\C(\C=C\C=C(/C)\C=C\C1=C(C)CCCC1(C)C)=C/C=O","HMDB01358","L0360","b'Retinene'","284.214","285.2218","170.1 ","[M+H]","0","0","6.62","4.86","-4.83","NA","-4.1","1","0","17.07","5","96.87","35.7"
"N1C=NC2=C1C=NC=N2","HMDB01366","S0108","b'Purine'","120.04363","121.05143","121.8 ","[M+H]","0","0","-0.19","-0.34","-0.35","9.31","4.24","3","1","54.46","0","33.21","10.9"
"CC(=O)N[C@@H]1[C@@H](O)[C@H](O)[C@@H](CO)OC1OP(O)(O)=O","HMDB01367","L0291","b'N-Acetylglucosamine 1-phosphate'","301.0563","324.0461","166.6 ","[M+Na]","0","-2","-2","-3.3","-1.21","1.18","-0.79","8","6","165.78","4","57.9","25.41"
"N[C@@H](CCC[C@H](N)C(O)=O)C(O)=O","HMDB01370","S0385","b'Diaminoheptanedioate'","190.0954","191.1032","140.9 ","[M+H]","0","0","-4.13","-5.5","-1.13","1.85","9.83","6","4","126.64","6","43.64","18.93"
"N[C@@H](CCC[C@H](N)C(O)=O)C(O)=O","HMDB01370","S0212","b'Diaminopimelic acid'","190.0954","191.1032","140.8 ","[M+H]","0","0","-4.13","-5.5","-1.13","1.85","9.83","6","4","126.64","6","43.64","18.93"
"CC1=C(CCO[P@](O)(=O)OP(O)(O)=O)SC=[N+]1CC1=CN=C(C)N=C1N","HMDB01372","L0029","b'Thiamine pyrophosphate (TPP)'","425.0444","425.0444","182.0 ","[M]","1","-1","-1.21","-5.8","-3.48","1.78","5.53","8","4","168.97","8","95.15","36.96"
"CC(C)(COP(O)(=O)OP(O)(=O)OC[C@H]1O[C@H]([C@H](O)[C@@H]1O)N1C=NC2=C1N=CN=C2N)C(O)C(=O)NCCC(=O)NCCS","HMDB01373","L0051","b'Dephosphocoenzyme A (Dephospho-CoA)'","687.1489","688.1567","238.6 ","[M+H]","0","-2","-0.98","-5.9","-2.43","1.86","5","14","9","300.03","16","151.87","62.51"
"CC\C=C/C\C=C/C\C=C/CCCCCCCC(O)=O","HMDB01388","L0146","b'alpha-Linolenic acid'","278.2246","279.2324","170.7 ","[M+H]","0","-1","6.62","6.06","-6.02","4.99","NA","2","1","37.3","13","89.64","34.98"
"COC1=CC2=C(NC=C2CCNC(C)=O)C=C1","HMDB01389","L0089","b'Melatonin '","232.1212","233.129","154.3 ","[M+H]","0","0","1.42","1.15","-3.21","15.8","-0.94","2","2","54.12","4","66.28","25.65"
"CN1C(CNC2=CC=C(C=C2)C(=O)N[C@H](CCC(O)=O)C(O)=O)CNC2=C1C(=O)NC(N)=N2","HMDB01396","L0136","b'5-Methyltetrahydrofolate (5-Methyl-THF) '","459.1866","460.1944","196.4 ","[M+H]","0","-2","-1.26","-2.8","-3.12","3.22","4.64","11","7","198.48","9","126.88","46.13"
"[H][C@](O)(CCCCC)\C=C\[C@@]1([H])C(=O)C[C@]([H])(O)[C@]1([H])C\C=C/CCCC(O)=O","HMDB01403","L0448","b'Prostaglandin D2(PGD2)'","352.225","375.2148","192.4 ","[M+Na]","0","-1","3.12","3.23","-3.61","4.4","-1.6","5","3","94.83","12","99.44","40.78"
"O[C@H]1C[C@@H](O[C@@H]1COP(O)(O)=O)N1C=CC(=O)NC1=O","HMDB01409","L0114","b'Deoxyuridine monophosphate (dUMP)'","308.041","331.0308","167.5 ","[M+Na]","0","-2","-1.42","-1.6","-1.59","1.23","-3.2","7","4","145.63","4","61.93","25.86"
"C[N+](C)(C)CCOP([O-])(=O)OP(O)(=O)OC[C@H]1O[C@H]([C@H](O)[C@@H]1O)N1C=CC(N)=NC1=O","HMDB01413","S0241","b""Cytidine 5'-diphosphocholine (CDP-choline)""","488.1073","489.1151","197.6 ","[M+H]","0","-1","-1.38","-6.2","-1.83","1.85","-0.52","10","4","213.5","10","113.58","42.54"
"CC(C)(COP(O)(=O)OP(O)(=O)OC[C@H]1O[C@H]([C@H](O)[C@@H]1OP(O)(O)=O)N1C=NC2=C1N=CN=C2N)C(O)C(=O)NCCC(=O)NCCS","HMDB01423","L0066","b'Coenzyme A (CoA)'","767.1152","768.123","240.4 ","[M+H]","0","-4","-0.61","-6.8","-2.22","0.83","4.95","16","10","346.56","18","162.74","66.81"
"C[C@]12CC[C@H]3[C@@H](CCC4=C3C=CC(OS(O)(=O)=O)=C4)[C@@H]1CCC2=O","HMDB01425","L0370","b'Estrone 3-sulfate'","350.1188","395.0906","210.9 ","[M-H+2Na]","0","-1","0.29","3.83","-4.77","-1.7","-7.5","4","1","80.67","2","89.07","36.64"
"NCCCCNC(N)=N","HMDB01432","S0191","b'Agmatine'","130.1218","131.1296","128.2 ","[M+H]","0","2","-1.01","-1.2","-1.56","NA","12.61","4","4","87.92","4","48.09","15.01"
"CCCCC[C@H](O)C=C[C@H]1[C@H](O)CC(=O)[C@@H]1CCCCCCC(O)=O","HMDB01442","L0374","b'Prostaglandin E1'","354.2406","377.2304","198.3 ","[M+Na]","0","-1","3.04","3.59","-3.65","4.35","-1.6","5","3","94.83","13","98.32","41.88"
"OC(=O)CCCC[C@@H]1CCSS1","HMDB01451","S0256","b'DL-\xce\xb1-Lipoic Acid'","206.0435","189.0407","133.8 ","[M+H-H2O]","0","-1","2.75","2.11","-2.96","4.52","NA","2","1","37.3","5","54.37","21.74"
"OCC(=O)COP(O)(O)=O","HMDB01473","L0026","b'Dihydroxyacetone phosphate'","169.998","192.9878","146.7 ","[M+Na]","0","-2","-1.49","-1.7","-0.89","1.19","-3.3","5","3","104.06","4","30.47","12.64"
"CC(=O)CC(=O)SCCNC(=O)CCNC(=O)C(O)C(C)(C)COP(O)(=O)OP(O)(=O)OC[C@H]1O[C@H]([C@H](O)[C@@H]1OP(O)(O)=O)N1C=NC2=C1N=CN=C2N","HMDB01484","L0044","b'Acetoacetyl coenzyme A (Acetoacetyl-CoA)'","851.1363","852.1441","247.8 ","[M+H]","0","-4","-0.37","-6.8","-2.35","0.83","4.95","18","9","380.7","22","182.1","75.05"
"NC(=O)C1=CN(C=CC1)[C@@H]1O[C@H](CO[P@](O)(=O)O[P@](O)(=O)OC[C@H]2O[C@H]([C@H](O)[C@@H]2O)N2C=NC3=C(N)N=CN=C23)[C@@H](O)[C@H]1O","HMDB01487","L0085","b'Reduced nicotinamide adenine dinucleotide (NADH)'","665.1248","666.1326","233.1 ","[M+H]","0","-2","-1.45","-6.5","-2.35","-7","5","16","8","317.62","11","143","57.65"
"CC1=NC=C(COP(O)(O)=O)C(C=O)=C1O","HMDB01491","L0176","b""Pyridoxal 5'-phosphate""","247.0246","248.0324","151.4 ","[M+H]","0","-2","-0.55","-2.1","-1.64","1.68","4.11","6","3","116.95","4","54.75","20.9"
"CC(=O)OP(O)(O)=O","HMDB01494","L0078","b'Acetyl phosphate'","139.9874","162.9772","142.7 ","[M+Na]","0","-2","-0.92","-0.88","-0.9","1.24","-7.4","4","2","83.83","2","23.8","9.87"
"CN(CC(O)=O)C(=N)NP(O)(O)=O","HMDB01511","L0135","b'Phosphocreatine  '","211.0358","212.0436","144.4 ","[M+H]","0","-2","-2.01","-2.3","-1.78","-1.1","11.57","7","5","133.95","3","53.18","16.82"
"NC(=O)C1=C(N)N(C=N1)[C@@H]1O[C@H](COP(O)(O)=O)[C@@H](O)[C@H]1O","HMDB01517","L0226","b""5'-Phosphoribosyl-5-amino-4-imidazolecarboxamide (AICAR)""","338.0628","339.0706","171.6 ","[M+H]","0","-2","-2.16","-4.8","-2.08","1.22","4.8","9","6","203.38","5","69.14","28.57"
"CC1=CC2=C(C=C1C)N(C[C@H](O)[C@H](O)[C@H](O)COP(O)(O)=O)C1=NC(=O)NC(=O)C1=N2","HMDB01520","L0070","b'Flavin mononucleotide (FMN)'","456.1046","457.1124","199.1 ","[M+H]","0","-3","-0.78","-1","-2.83","1.57","0.68","11","6","201.58","7","107.14","42.19"
"CCCCCCCCCCCCCC(=O)SCCNC(=O)CCNC(=O)C(O)C(C)(C)COP(O)(=O)OP(O)(=O)OC[C@H]1O[C@H]([C@H](O)[C@@H]1OP(O)(O)=O)N1C=NC2=C1N=CN=C2N","HMDB01521","L0296","b'Myristoyl-coenzyme A'","977.3136","978.3214","289.9 ","[M+H]","0","-4","1.84","-1.4","-2.65","0.83","4.95","17","9","363.63","32","227.45","96.43"
"CC1=NC=C(CO)C(C=O)=C1O","HMDB01545","L0194","b'Pyridoxal (Vitamin B6)'","167.0582","168.066","130.5 ","[M+H]","0","0","0.02","0.18","-1.16","7.97","4.11","4","2","70.42","2","43.87","16.28"
"NC1=NC(=O)N(C=C1)[C@@H]1O[C@H](COP(O)(=O)OP(O)(O)=O)[C@@H](O)[C@H]1O","HMDB01546","L0063","b""Cytidine 5'-diphosphate (CDP)""","403.0182","404.026","175.1 ","[M+H]","0","-2","-1.38","-3.6","-1.6","1.77","-0.52","11","6","221.67","6","76.29","31.39"
"[H][C@@]1(CC[C@@]2([H])[C@]3([H])CCC4=CC(=O)CC[C@]4(C)[C@@]3([H])[C@@]([H])(O)C[C@]12C)C(=O)CO","HMDB01547","S0326","b'Corticosterone'","346.2144","347.2222","186.8 ","[M+H]","0","0","2.09","2.02","-3.88","13.86","-0.26","4","2","74.6","2","96","38.79"
"O[C@@H]1[C@@H](COP(O)(O)=O)O[C@H]([C@@H]1O)N1C=NC2=C1NC(=O)NC2=O","HMDB01554","L0308","b'Xanthylic acid \xef\xbc\x88XMP)'","364.042","365.0498","174.7 ","[M+H]","0","-2","-1.95","-2.2","-2.17","1.26","0.069","9","6","192.47","4","73.08","29.99"
"CC1=NC=C(COP(O)(O)=O)C(CN)=C1O","HMDB01555","S0345","b""Pyridoxamine 5'-phosphate""","248.0562","249.064","150.9 ","[M+H]","0","-1","-0.99","-2.2","-1.57","1.74","10.11","6","4","125.9","4","56.64","22.14"
"NC1=NC2=C(N(C=O)C(CNC3=CC=C(C=C3)C(=O)NC(CCC(O)=O)C(O)=O)CN2)C(=O)N1","HMDB01562","S0299","b'Folinic acid'","473.1659","474.1737","196.9 ","[M+H]","0","-2","-0.46","-3.4","-3.2","3.18","4.33","11","7","215.55","9","126.66","46.59"
"OC[C@H]1OC(OP(O)(O)=O)[C@H](O)[C@@H](O)[C@@H]1O","HMDB01586","L0283","b'alpha-D-Glucose 1-phosphate'","260.0297","283.0195","158.0 ","[M+Na]","0","-2","-2","-3.1","-0.91","1.16","-3","8","6","156.91","3","46.8","20.66"
"NC(COP(O)(O)=O)C(O)=O","HMDB01721","S0335","b'3-Phospho-L-serine'","185.0089","207.9987","140.1 ","[M+Na]","0","-2","-2.32","-3.2","-0.97","1.2","9.39","6","4","130.08","4","32.91","14.01"
"[H][C@@]12CC[C@H](C(C)=O)[C@@]1(C)CC[C@@]1([H])[C@@]2([H])CCC2=CC(=O)CC[C@]12C","HMDB01830","S0285","b'Progesterone'","314.2246","315.2324","181.2 ","[M+H]","0","0","3.58","4.15","-4.76","18.92","-4.8","2","0","34.14","1","92.71","37.15"
"CN1C=NC2=C1C(=O)N(C)C(=O)N2C","HMDB01847","S0354","b'Caffeine'","194.0804","195.0882","140.9 ","[M+H]","0","0","-0.24","-0.55","-1.25","NA","-0.92","3","0","58.44","0","49.83","18.95"
"OCCC1=CNC2=CC=C(O)C=C12","HMDB01855","L0204","b'5-Hydroxytryptophol (5HTOL)'","177.079","178.0868","138.7 ","[M+H]","0","0","0.91","1.29","-1.91","9.56","-2.4","2","3","56.25","2","50.7","18.86"
"OC(=O)C1=CC(O)=C(O)C=C1","HMDB01856","L0432","b'3,4-Dihydroxybenzoate \xef\xbc\x88Protocatechuic acid\xef\xbc\x89'","154.0266","137.0238","122.3 ","[M+H-H2O]","0","-1","1.32","1.02","-1.1","4.16","-6.3","4","3","77.76","1","37.28","13.85"
"CN1C2=C(NC(=O)N2)C(=O)N(C)C1=O","HMDB01857","S0210","b'1,3-Dimethyluric acid'","196.0596","197.0674","142.5 ","[M+H]","0","0","-0.74","-1.1","-1.35","7.74","-5.9","3","2","81.75","0","55.42","17.74"
"CN1C=NC=C1CCN","HMDB01861","S0190","b'3-Methylhistamine'","125.0953","126.1031","123.8 ","[M+H]","0","2","-0.83","-0.82","-1.41","NA","9.78","2","1","43.84","2","37.13","13.92"
"CCCCC(=O)C(O)=O","HMDB01864","L0079","b'alpha-Ketocaproic acid'","130.063","175.0348","154.3 ","[M-H+2Na]","0","-1","0.94","1.66","-1.21","3.53","-9.7","3","1","54.37","4","31.82","13.19"
"OC(C(O)=O)C1=CC=C(O)C(O)=C1","HMDB01866","L0359","b'3,4-Dihydroxymandelic acid'","184.0372","167.0344","132.0 ","[M+H-H2O]","0","-1","0.72","0.29","-1.24","2.98","-4.1","5","4","97.99","2","42.67","16.55"
"NC1=CC=C(C=C1)C(=O)NCC(O)=O","HMDB01867","S0093","b'Aminohippuric acid'","194.0691","217.0589","153.7 ","[M+Na]","0","-1","0","-1","-1.79","2.7","4.24","4","3","92.42","3","50.82","19.13"
"CN1C2=C(NC=N2)C(=O)N(C)C1=O","HMDB01889","S0232","b'Theophylline'","180.0647","181.0725","137.6 ","[M+H]","0","0","-0.26","-0.77","-0.9","7.82","-0.78","3","1","69.3","0","44.93","16.86"
"CC1=CC(=O)C2=CC=CC=C2C1=O","HMDB01892","S0264","b'Menadione (Vitamin K3)'","172.0524","173.0602","134.6 ","[M+H]","0","0","1.91","1.89","-2.53","12.94","-7.2","2","0","34.14","0","50.54","17.64"
"CC(C)CCC[C@@H](C)CCC[C@@H](C)CCC[C@]1(C)CCC2=C(O1)C(C)=C(C)C(O)=C2C","HMDB01893","L0181","b'alpha-Tocopherol (Vitamin E)'","430.3811","431.3889","216.6 ","[M+H]","0","0","8.84","10.51","-7.79","10.8","-4.9","2","1","29.46","12","135.37","55.29"
"COC(=O)[C@H](CC1=CC=CC=C1)NC(=O)[C@@H](N)CC(O)=O","HMDB01894","L0047","b'Aspartame'","294.1216","295.1294","169.6 ","[M+H]","0","0","-1.18","-2.2","-2.65","3.53","8.53","5","3","118.72","8","73.22","29.58"
"OC(=O)\C=C/C1=CC=C(O)C(O)=C1","HMDB01964","S0278","b'Caffeic Acid'","180.0423","163.0395","129.9 ","[M+H-H2O]","0","-1","1.67","1.53","-2.05","3.14","-6.3","4","3","77.76","2","47.02","17.13"
"C[C@H]1O[C@H]([C@H](O)[C@@H]1O)N1C=NC2=C(N)N=CN=C12","HMDB01983","L0179","b""5'-Deoxyadenosine""","251.1018","274.0916","166.8 ","[M+Na]","0","0","-0.52","-1","-1.41","12.48","4.99","7","3","119.31","1","61.65","24.26"
"CN1C=NC2=C1C(=O)NC(=O)N2","HMDB01991","S0225","b'7-Methylxanthine'","166.0491","167.0569","130.8 ","[M+H]","0","0","-0.59","0.017","-1.38","9.31","-0.85","3","2","76.02","0","41.82","14.77"
"COC1=CC2=C(NC=C2CCN(C)C)C=C1","HMDB02004","L0198","b'5-Methoxydimethyltryptamine'","218.1419","219.1497","151.5 ","[M+H]","0","1","2.38","2.14","-2.48","17.44","9.58","2","1","28.26","4","66.91","25.47"
"CS(=O)CCC(N)C(O)=O","HMDB02005","S0102","b'DL-Methionine sulfoxide'","165.046","166.0538","133.1 ","[M+H]","0","0","-2.4","-4.6","-0.49","1.74","9.11","4","2","80.39","4","39.34","16.04"
"OC(=O)CC1=CN=CN1","HMDB02024","S0186","b'Imidazoleacetic acid'","126.0429","127.0507","123.1 ","[M+H]","0","-1","-0.5","-1.4","-0.37","3.65","6.78","3","2","65.98","2","30.2","11.47"
"OC(=O)\C=C\C1=CC=C(O)C=C1","HMDB02035","L0258","b'4-Hydroxycinnamic acid'","164.0473","147.0445","127.0 ","[M+H-H2O]","0","-1","1.74","1.83","-2.21","4","-6","3","2","57.53","2","45.04","16.43"
"CNCCCC[C@H](N)C(O)=O","HMDB02038","L0208","b'N6-Methyl-L-lysine'","160.1212","161.129","132.5 ","[M+H]","0","1","-2.37","-2.9","-0.49","2.8","10.58","4","3","75.35","6","42.58","18.04"
"COC1=CC=C(\C=C\C(O)=O)C=C1","HMDB02040","S0234","b'4-Methoxycinnamic acid'","178.063","179.0708","140.8 ","[M+H]","0","-1","2.37","1.98","-2.51","4.11","-4.8","3","1","46.53","3","49.52","18.34"
"CC(=O)NCCCCN","HMDB02064","L0083","b'N-Acetylputrescine'","130.1106","131.1184","128.3 ","[M+H]","0","1","-0.84","-1","0.04","16.48","9.9","2","2","55.12","4","36.82","15.28"
"COC1=CC=C(CC(O)=O)C=C1","HMDB02072","S0253","b'4-Methoxyphenylacetic acid'","166.063","167.0708","137.4 ","[M+H]","0","-1","1.73","1.45","-2.07","4.12","-4.8","3","1","46.53","3","43.83","16.86"
"CC(=O)NCCCCNCCCN","HMDB02189","L0220","b'N8-Acetylspermidine'","187.1685","188.1763","142.7 ","[M+H]","0","2","-0.48","-1.3","-1.63","16.53","10.59","3","3","67.15","8","54.41","23.1"
"N[C@@H](CCS(O)(=O)=O)C(O)=O","HMDB02205","S0114","b'L-homocysteic acid'","183.0201","184.0279","140.3 ","[M+H]","0","-1","-2.35","-2.9","-0.45","-1.3","9.51","6","3","117.69","4","35.3","15.69"
"CC1=CC(CC(O)=O)=CC=C1","HMDB02222","S0077","b'3-Methylphenylacetic acid'","150.068","195.0398","151.3 ","[M-H+2Na]","0","-1","2.11","2.12","-1.99","4.69","NA","2","1","37.3","2","42.41","15.93"
"COC1=CC(\C=C\C(=O)CC(=O)\C=C\C2=CC(OC)=C(O)C=C2)=CC=C1O","HMDB02269","L0203","b'Curcumin'","368.126","369.1338","201.6 ","[M+H]","0","0","3.62","4.12","-4.81","9.06","-4.4","6","2","93.06","8","103.81","38.12"
"N[C@@H](CC(O)C([O-])=O)C([O-])=O","HMDB02273","L0386","b'L-Erythro-4-Hydroxyglutamic acid'","163.0481","164.0559","135.8 ","[M+H]","-2","-1","-1.48","-4.2","0.46","1.68","9.16","6","2","126.51","4","54.41","13.34"
"CC(=O)NCCCCCN","HMDB02284","S0249","b'N-Acetylcadaverine'","144.1263","145.1341","132.9 ","[M+H]","0","1","-0.4","-0.58","-0.78","16.53","10.21","2","2","55.12","5","41.42","17.36"
"COC1=CC2=C(NC=C2C[C@H](N)C(O)=O)C=C1","HMDB02339","L0131","b'5-methoxytryptophan'","234.1004","257.0902","156.2 ","[M+Na]","0","0","-1.03","-1.2","-2.11","2.22","9.42","4","3","88.34","4","62.67","24"
"OC(=O)C#CC1=CC=CC=C1","HMDB02359","L0024","b'Phenylpropiolic acid'","146.0368","129.034","121.2 ","[M+H-H2O]","0","-1","1.7","2.15","-2.87","2.77","NA","2","1","37.3","2","38.45","14.95"
"CCCCCCCC\C=C/CCCCCCCCCCCCCC(O)=O","HMDB02368","L0339","b'Nervonic acid'","366.3498","349.347","196.8 ","[M+H-H2O]","0","-1","9.45","9.45","-7.32","4.95","NA","2","1","37.3","21","115.01","49.83"
"C\C(\C=C\C1=C(C)CCCC1(C)C)=C\C=C\C(\C)=C\C(O)=O","HMDB02369","L0361","b'9-cis-Retinoic acid'","300.2089","283.2061","169.6 ","[M+H-H2O]","0","-1","5.66","5.01","-4.8","5","NA","2","1","37.3","5","97.79","35.95"
"O[C@@H](C=O)[C@@H](O)[C@@H](O)[C@H](O)C(O)=O","HMDB02545","S0349","b'D-galacturonic acid'","194.0427","217.0325","143.7 ","[M+Na]","0","-1","-2.32","-3.2","-0.29","3.24","-3.7","7","5","135.29","5","37.21","16.23"
"OC(=O)\C=C\C1=CC=CC=C1O","HMDB02641","S0348","b'tras-2-Hydroxycinnamic acid'","164.0473","147.0445","124.1 ","[M+H-H2O]","0","-1","1.9","1.83","-2.15","4.04","-6","3","2","57.53","2","45.04","16.11"
"OC(=O)C1=CN=C(O)C=C1","HMDB02658","S0263","b'6-Hydroxynicotinic acid'","139.0269","140.0347","129.5 ","[M+H]","0","-1","0.71","0.7","-1.01","3.77","0.51","4","2","70.42","1","33.45","12.31"
"CC1=C(CCO[P@](O)([O-])=O)SC=[N+]1CC1=CN=C(C)N=C1N","HMDB02666","L0064","b'Thiamine monophosphate'","344.0708","345.0786","169.7 ","[M+H]","0","-1","-1.68","-5.7","-3.65","1.66","5.51","6","2","125.27","6","83.15","32.05"
"[H][C@@]12CC[C@H]([C@H](C)CCC=C(C)C)[C@@]1(C)CC[C@@]1([H])[C@@]2([H])CC=C2C[C@@H](O)CC[C@]12C","HMDB02719","L0399","b'Desmosterol'","384.3392","367.3364","199.4 ","[M+H-H2O]","0","0","6.62","6.71","-6.53","18.2","-1.4","1","1","20.23","4","121.47","49.6"
"[H][C@@]12CC[C@](O)(C(=O)CO)[C@@]1(C)CC(=O)[C@@]1([H])[C@@]2([H])CCC2=CC(=O)CC[C@]12C","HMDB02802","S0359","b'Cortisone'","360.1937","361.2015","188.6 ","[M+H]","0","0","1.98","1.66","-3.42","12.58","-3.3","5","2","91.67","2","96.47","38.78"
"CC[C@H](C)[C@@H]1NC(=O)[C@H](CC2=CC=C(O)C=C2)NC(=O)[C@@H](N)CSSC[C@H](NC(=O)[C@H](CC(N)=O)NC(=O)[C@H](CCC(N)=O)NC1=O)C(=O)N1CCCC1C(=O)N[C@@H](CC(C)C)C(=O)NCC(N)=O","HMDB02865","L0207","b'Oxytocin'","1006.4365","1007.4443","303.8 ","[M+H]","0","1","-0.69","-5","-4.26","9.5","7.65","13","12","399.53","17","252.11","102.58"
"OC[C@H](O)C(O)[C@H](O)CO","HMDB02917","S0322","b'Xylitol'","152.0685","175.0583","135.3 ","[M+Na]","0","0","-2.53","-3.1","0.64","12.76","-3","5","5","101.15","4","32.44","14.4"
"OC[C@H]1O[C@H](OC[C@H]2OC(O)[C@H](O)[C@@H](O)[C@@H]2O)[C@H](O)[C@@H](O)[C@@H]1O","HMDB02923","S0341","b'Isomaltose'","342.1162","365.106","177.3 ","[M+Na]","0","0","-3","-4.7","0.17","11.25","-3","11","8","189.53","4","68.34","31.22"
"C[C@@H]1O[C@@H](O[C@@H]2[C@@H](O)[C@H](O)[C@@H](CO)O[C@H]2OC2=CC(O)=C3C(=O)C[C@H](OC3=C2)C2=CC=C(O)C=C2)[C@H](O)[C@H](O)[C@H]1O","HMDB02927","L0173","b'Naringin'","580.1792","581.187","237.5 ","[M+H]","0","0","-0.24","-0.16","-2.16","9.32","-3.6","14","8","225.06","6","134.3","56.19"
"OC1C[C@@](O)(C[C@@H](O)[C@H]1O)C(O)=O","HMDB03072","L0443","b'Quinate'","192.0634","215.0532","150.9 ","[M+Na]","0","-1","-2.46","-2.7","0.6","3.46","-3.2","6","5","118.22","1","39.71","17.17"
"CCCCC\C=C/C\C=C/C\C=C/CCCCC(O)=O","HMDB03073","L0366","b'all cis-(6,9,12)-Linolenic acid'","278.2246","279.2324","174.1 ","[M+H]","0","-1","6.59","6.06","-6.04","4.92","NA","2","1","37.3","13","89.64","33.8"
"O=C1C=C(OC2=CC=CC=C12)C1=CC=CC=C1","HMDB03075","S0084","b'Flavone'","222.0681","223.0759","146.7 ","[M+H]","0","0","3.54","2.97","-4.43","15.63","-5.4","2","0","26.3","1","66.97","23.79"
"[H][C@]12CS[C@@H](CCCCC(=O)NCCCC[C@H](N)C(O)=O)[C@@]1([H])NC(=O)N2","HMDB03134","L0163","b'Biocytin'","372.1831","373.1909","186.8 ","[M+H]","0","0","-0.69","-2.6","-3.33","2.24","9.53","5","5","133.55","11","94.66","40.19"
"O[C@@H]1C[C@](O)(C[C@@H](OC(=O)\C=C\C2=CC(O)=C(O)C=C2)[C@@H]1O)C(O)=O","HMDB03164","S0277","b'Chlorogenic acid'","354.0951","355.1029","185.1 ","[M+H]","0","-1","0.17","-0.27","-2.01","3.33","-3.2","8","6","164.75","5","83.23","33.42"
"C[C@@H]1O[C@@H](OC[C@H]2O[C@@H](OC3=C(OC4=CC(O)=CC(O)=C4C3=O)C3=CC(O)=C(O)C=C3)[C@H](O)[C@@H](O)[C@@H]2O)[C@H](O)[C@H](O)[C@H]1O","HMDB03249","S0267","b'Rutin'","610.1534","611.1612","232.6 ","[M+H]","0","-1","0.15","-0.87","-2.24","6.43","-3.7","16","10","265.52","6","140.15","57.08"
"OC(=O)CNC(=O)C1=CN=CC=C1","HMDB03269","S0250","b'Nicotinuric acid'","180.0535","181.0613","143.6 ","[M+H]","0","-1","-0.23","-1.5","-1.6","2.94","3.73","4","2","79.29","3","43.96","16.93"
"OC(=O)C1=CNC2=CC=CC=C12","HMDB03320","S0018","b'Indole-3-carboxylic acid'","161.0477","162.0555","132.4 ","[M+H]","0","-1","1.79","1.73","-1.82","3.52","NA","2","2","53.09","1","44.4","15.96"
"CN1C=NC2=C(N=CN2[C@@H]2O[C@H](CO)[C@@H](O)[C@H]2O)C1=N","HMDB03331","L0245","b'1-Methyladenosine'","281.1124","282.1202","164.2 ","[M+H]","0","0","-1.83","-2.1","-1.58","12.45","3.84","8","4","127.19","2","79.1","27.56"
"COC1=C(O)C=CC(=C1)C(CO)OS(O)(=O)=O","HMDB03332","L0228","b'3-Methoxy-4-Hydroxyphenylglycol Sulfate'","264.0304","340.95","169.5 ","[M-H+2K]","0","-1","-1.18","-1.7","-1.79","-2","-3","6","3","113.29","5","57.27","23.99"
"O[C@@H]1[C@@H](COP(O)(=O)OP(O)(O)=O)OC([C@@H]1O)N1C=NC2=C1NC=NC2=O","HMDB03335","L0148","b'Inosine diphosphate (IDP)'","428.0134","429.0212","185.6 ","[M+H]","0","-3","-0.99","-3.6","-2","2.65","1.73","12","6","222.26","6","82.64","33.75"
"NC1=NC(=O)C2=C(N1)N(C=N2)[C@@H]1O[C@H](COP(O)(=O)OP(O)(=O)O[C@H]2O[C@H](CO)[C@@H](O)[C@H](O)[C@H]2O)[C@@H](O)[C@H]1O","HMDB03351","L0439","b'GDP-glucose'","605.0772","606.085","218.9 ","[M+H]","0","-1","-1.63","-4.8","-1.88","1.73","-2.7","17","10","327.43","9","118.08","50.1"
"NCCCCC(O)=O","HMDB03355","S0248","b'5-Aminopentanoic acid'","117.079","118.0868","121.3 ","[M+H]","0","0","-2.75","-2.4","0.24","4.65","10.21","3","2","63.32","4","30.06","12.65"
"CC(=O)N[C@@H](CCCN)C(O)=O","HMDB03357","L0134","b'N2-Acetyl-L-ornithine '","174.1004","175.1082","136.9 ","[M+H]","0","0","-2.73","-3.6","-0.66","3.82","9.9","4","3","92.42","5","42.65","17.94"
"OC(=O)[C@H]1CCCN1","HMDB03411","S0043","b'D-Proline'","115.0633","116.0711","125.0 ","[M+H]","0","0","-2.71","-2.6","0.5","1.94","11.33","3","2","49.33","1","28.06","11.39"
"OC[C@@H](O)[C@H](O)[C@H](O)C(=O)CO","HMDB03418","S0280","b'D-Tagatose'","180.0634","203.0532","139.0 ","[M+Na]","0","0","-2.23","-3.3","0.35","9.48","-3","6","5","118.22","5","37.56","16.44"
"CC(C)(CO)C(O)C(=O)NCCC(=O)NCCS","HMDB03426","L0426","b'Pantetheine'","278.13","261.1272","164.6 ","[M+H-H2O]","0","0","-0.1","-1.5","-2.83","10.07","-1.5","4","5","98.66","8","70.7","29.33"
"N[C@H](CO)CC1=CN=CN1","HMDB03431","S0192","b'L-Histidinol'","141.0902","142.098","128.3 ","[M+H]","0","2","-1.27","-1.7","-0.04","13.45","9.41","3","3","74.93","3","38.19","14.74"
"C[C@@H](N)C(=O)N[C@H](C)C(O)=O","HMDB03459","L0229","b'D-Alanyl-D-alanine (D-Ala-D-Ala)'","160.0848","183.0746","142.8 ","[M+Na]","0","0","-2.64","-3.4","-0.36","3.73","8.39","4","3","92.42","3","37.79","15.66"
"NC(N)=NCCCC(O)=O","HMDB03464","L0158","b'4-Guanidinobutyric acid'","145.0851","146.0929","129.7 ","[M+H]","0","0","-1.22","-2.7","-1.45","4.24","12.07","5","3","101.7","4","35.88","14.71"
"[H][C@@]1(OC(=O)[C@@H](O)[C@H]1O)[C@@H](O)CO","HMDB03466","S0279","b'L-Gulonic gamma-lactone'","178.0477","201.0375","140.6 ","[M+Na]","0","0","-2.05","-2.7","0.55","11.62","-3","5","4","107.22","2","34.78","15.56"
"N[C@@H](CCOP(O)(O)=O)C(O)=O","HMDB03484","L0424","b'O-Phospho-L-homoserine'","199.0246","222.0144","141.6 ","[M+Na]","0","-2","-2.34","-3.2","-1.04","1.52","9.46","6","4","130.08","5","37.78","15.86"
"O[C@H]1[C@H](O)[C@@H](COP(O)(O)=O)O[C@H](OP(O)(O)=O)[C@@H]1O","HMDB03514","L0354","b'Alpha-D-Glucose 1,6-bisphosphate'","339.9961","378.9598","172.3 ","[M+K]","0","-4","-1.65","-3.2","-1.33","0.89","-3.6","10","7","203.44","5","57.67","24.96"
"OC(=O)CC[C@@](O)(CC(O)=O)C(O)=O","HMDB03518","L0149","b'Homocitrate'","206.0427","229.0325","145.0 ","[M+Na]","0","-3","-1.5","-1","-0.03","3.09","-4.1","7","4","132.13","6","40.38","17.44"
"OC[C@H]1O[C@@](CO)(O[C@H]2O[C@H](CO[C@H]3O[C@H](CO[C@H]4O[C@H](CO)[C@H](O)[C@H](O)[C@H]4O)[C@H](O)[C@H](O)[C@H]3O)[C@@H](O)[C@H](O)[C@H]2O)[C@@H](O)[C@@H]1O","HMDB03553","L0322","b'Stachyose'","666.2219","689.2117","234.1 ","[M+Na]","0","0","-2.94","-8.1","-0.21","11.63","-3.7","21","14","347.83","11","133.6","61.58"
"CC(C)CCCC(C)CCCC(C)CCC\C(C)=C\CC1=C(C)C(=O)C2=CC=CC=C2C1=O","HMDB03555","L0162","b'Vitamin K1'","450.3498","451.3576","216.1 ","[M+H]","0","0","8.48","9.7","-6.88","NA","-7.2","2","0","34.14","14","142.96","56.8"
"CC(=O)N[C@H]1[C@H](O)O[C@H](CO)[C@@H](O[C@@H]2O[C@H](CO)[C@@H](O)[C@H](O)[C@H]2NC(O)=O)[C@@H]1O","HMDB03556","L0282","b""N,N'-Diacetylchitobiose""","424.1693","425.1771","192.9 ","[M+H]","0","-1","-2.91","-4.8","-0.62","3.51","-3","12","9","227.5","6","87.39","39.64"
"CCCCCCCCCCCC(=O)SCCNC(=O)CCNC(=O)[C@H](O)C(C)(C)COP(O)(=O)OP(O)(=O)OC[C@H]1O[C@H]([C@H](O)[C@@H]1OP(O)(O)=O)N1C=NC2=C(N)N=CN=C12","HMDB03571","L0325","b'Lauroyl-CoA'","949.2823","950.2901","284.0 ","[M+H]","0","-4","1.35","-2.3","-2.56","0.83","4.95","17","9","363.63","30","218.24","91.8"
"OC(=O)[C@@H](CC1=CC(O)=C(O)C=C1)OC(=O)\C=C\C1=CC(O)=C(O)C=C1","HMDB03572","L0269","b'Rosmarinic Acid'","360.0845","383.0743","195.6 ","[M+Na]","0","-1","2.57","3","-3.95","3.13","-6.3","7","5","144.52","7","90.95","34.55"
"[H][C@@]1(C)NC(=O)N[C@]1([H])CCCCCC(O)=O","HMDB03581","L0170","b'Dethiobiotin'","214.1317","215.1395","144.1 ","[M+H]","0","-1","0.72","0.73","-2.23","4.63","-1.8","3","3","78.43","6","54.4","23.15"
"CC1=CC2=C(C=C1C)N=CN2","HMDB03701","S0317","b'Dimethylbenzimidazole'","146.0844","147.0922","129.9 ","[M+H]","0","0","1.88","2.29","-1.85","12.73","6.43","1","1","28.68","0","45.05","16.47"
"OC[C@@]1(O)O[C@H](COP(O)(O)=O)[C@@H](O)[C@@H]1O","HMDB03971","L0273","b'Beta-D-Fructose 6-phosphate'","260.0297","261.0375","149.3 ","[M+H]","0","-2","-2.11","-2.9","-0.89","1.22","-3.5","8","6","156.91","4","47.23","20.91"
"[H][C@@]12CC[C@H](C(=O)CO)[C@@]1(C)CC[C@@]1([H])[C@@]2([H])CC=C2C[C@@H](O)CC[C@]12C","HMDB04026","S0355","b'21-Hydroxypregnenolone'","332.2351","315.2323","178.4 ","[M+H-H2O]","0","0","3.22","2.76","-3.87","13.86","-1.4","3","2","57.53","2","95.46","38.84"
"[H][C@@]12CC[C@H](C(O)=O)[C@@]1(C)C[C@@H](O)[C@@]1([H])[C@@]2([H])CCC2=CC(=O)CC[C@]12C","HMDB04031","L0363","b'11beta-Hydroxyprogesterone'","330.2195","331.2273","182.3 ","[M+H]","0","-1","1.97","2.51","-3.71","4.68","-0.26","4","2","74.6","1","90.75","36.77"
"[H][C@@]12CC[C@H]([C@H](C)[C@H](O)CCC(C)C)[C@@]1(C)CC[C@@]1([H])[C@@]2([H])CC=C2C[C@@H](O)CC[C@]12C","HMDB04035","S0332","b'22beta-Hydroxycholesterol'","402.3498","385.347","205.2 ","[M+H-H2O]","0","0","5.69","5.8","-5.79","18.2","-0.73","2","2","40.46","5","122.21","50.77"
"CNC1=NC=NC2=C1N=CN2[C@@H]1O[C@H](CO)[C@@H](O)[C@H]1O","HMDB04044","L0232","b'N6-methyladenosine'","281.1124","304.1022","170.4 ","[M+Na]","0","0","-0.64","-1.8","-1.46","12.45","4.89","8","4","125.55","3","68.69","27.59"
"OC1=CC(C=O)=C(O)C=C1","HMDB04062","S0338","b'Gentisaldehyde'","138.0317","139.0395","122.0 ","[M+H]","0","0","1.02","1.73","-0.97","8.76","-5.9","3","2","57.53","1","36.6","12.84"
"OC(=O)C1=CC=CC=C1NC=O","HMDB04089","S0342","b'Formylanthranilic acid'","165.0426","148.0398","125.7 ","[M+H-H2O]","0","-1","0.28","1.47","-1.85","3.57","-4.5","3","2","66.4","2","43.69","15.48"
"COC1=CC2=C(NC=C2CC(O)=O)C=C1","HMDB04096","L0315","b'5-Methoxyindoleacetate'","205.0739","206.0817","144.0 ","[M+H]","0","-1","1.76","1.55","-2.47","4.3","-4.8","3","2","62.32","3","54.92","20.73"
"CN1C=C(C=CC1=O)C(N)=O","HMDB04193","L0355","b'N1-Methyl-2-pyridone-5-carboxamide'","152.0586","153.0664","132.1 ","[M+H]","0","0","-0.96","-1.1","-0.57","15.93","1.36","2","1","63.4","1","40.76","14.71"
"NC(CCC\N=C(/N)NO)C(O)=O","HMDB04224","L0418","b'N-(omega)-Hydroxyarginine'","190.1066","191.1144","139.0 ","[M+H]","0","1","-3.58","-3.5","-1.52","2.2","10.05","7","5","133.96","5","55.89","18.89"
"CC(C)(CO)C(O)C(=O)NCCCO","HMDB04231","S0314","b'Pantothenol'","205.1314","206.1392","144.7 ","[M+H]","0","0","-1","-1.7","-0.23","12.69","-2.4","4","4","89.79","6","51.88","21.87"
"COC1C(O)C(CO)OC1N1C=NC2=C(N)N=CN=C12","HMDB04326","L0234","b""2'-O-methyladenosine""","281.1124","304.1022","168.7 ","[M+Na]","0","0","-0.88","-1.4","-1.47","12.99","4.99","8","3","128.54","3","67.95","27.33"
"CN(C)CCC1=CC=C(O)C=C1","HMDB04366","L0356","b'Hordenine'","165.1154","166.1232","137.8 ","[M+H]","0","1","1.76","1.63","-0.75","10.31","9.19","2","1","23.47","3","51.34","19.35"
"CNCCC1=CNC2=CC=CC=C12","HMDB04370","S0371","b'1-Methyltryptamine'","174.1157","197.1055","139.0 ","[M+Na]","0","1","2.02","1.92","-2.57","17.17","10.31","1","2","27.82","3","55.15","20.42"
"[H][C@@]12CCC(=O)[C@@]1(C)CC[C@]1([H])C3=CC=C(O[C@@H]4O[C@@H]([C@@H](O)[C@H](O)[C@H]4O)C(O)=O)C=C3CC[C@@]21[H]","HMDB04483","L0384","b'Estrone-3-glucuronide'","446.1941","491.1659","230.3 ","[M-H+2Na]","0","-1","1.92","2.36","-3.17","3.3","-3.7","8","4","133.52","3","111.09","46.77"
"CCCCCCCCCCCCCC[C@@H](O)[C@@H](O)[C@@H](N)CO","HMDB04610","L0377","b'Phytosphingosine '","317.293","318.3008","196.2 ","[M+H]","0","1","3.96","3.7","-3.85","13.45","8.91","4","4","86.71","16","92.29","40.99"
"CN1C(=O)C=CN(C2OC(CO)C(O)C2O)C1=O","HMDB04813","L0262","b'3-Methyluridine'","258.0852","281.075","164.2 ","[M+Na]","0","0","-1.43","-2.2","0","12.55","-3","6","3","110.54","2","57.46","24.21"
"CN(C)C1=NC(=O)C2=C(N1)N(C=N2)[C@@H]1O[C@H](CO)[C@@H](O)[C@H]1O","HMDB04824","L0213","b'N2,N2-Dimethylguanosine'","311.123","312.1308","170.6 ","[M+H]","0","0","-1.23","-1.6","-1.36","7.85","2.59","9","4","132.44","3","74.26","30.38"
"CNCC(O)C1=CC=C(O)C=C1","HMDB04826","L0167","b'Synephrine'","167.0946","150.0918","134.4 ","[M+H-H2O]","0","1","-0.62","-0.071","-0.95","9.76","9.15","3","3","52.49","3","47.25","18.23"
"CCCCC\C=C\C=C1/[C@@H](C\C=C/CCCC(O)=O)C=CC1=O","HMDB05079","L0169","b'15-Deoxy-delta-12,14-PGJ2'","316.2038","339.1936","192.5 ","[M+Na]","0","-1","5.39","5.46","-5.02","4.66","-5","3","1","54.37","11","98.45","37.53"
"OC1=CC2=C(C(O)=C1)C(=O)C(O)=C(O2)C1=CC=C(O)C(O)=C1","HMDB05794","S0377","b'Quercetin'","302.0427","303.0505","166.7 ","[M+H]","0","-1","1.81","2.16","-3.06","6.44","-4","7","5","127.45","1","76.86","28.54"
"OC1=CC=C(C=C1)C1=C(O)C(=O)C2=C(O1)C=C(O)C=C2O","HMDB05801","S0289","b'Kaempferol'","286.0477","287.0555","162.9 ","[M+H]","0","-1","1.99","2.46","-3.21","6.44","-3.9","6","4","107.22","1","74.88","27.59"
"OC[C@H]1O[C@H](OC2[C@H](O)[C@@H](O)C(O)[C@@H](O)[C@H]2O)[C@H](O)[C@@H](O)[C@H]1O","HMDB05826","L0328","b'Galactinol'","342.1162","365.106","177.7 ","[M+Na]","0","0","-2.45","-5.6","0.16","11.98","-3.6","11","9","200.53","3","68.19","31.12"
"CNC1=NC(=O)C2=C(N1)N(C=N2)[C@@H]1O[C@H](CO)[C@@H](O)[C@H]1O","HMDB05862","L0297","b'2-Methylguanosine'","297.1073","320.0971","178.4 ","[M+Na]","0","0","-1.54","-1.9","-1.41","7.92","2.58","9","5","141.23","3","68.96","28.39"
"CC(=O)NC1=NC(=O)N(C=C1)[C@@H]1O[C@H](CO)[C@@H](O)[C@H]1O","HMDB05923","L0237","b'N4-Acetylcytidine'","285.0961","286.1039","162.7 ","[M+H]","0","0","-1.35","-2.9","-1.37","12.47","-3","7","4","131.69","3","63.99","27.16"
"CC(=O)NC(CCC(N)=O)C(O)=O","HMDB06029","S0066","b'alpha-N-Acetyl-L-glutamine'","188.0797","211.0695","144.2 ","[M+Na]","0","-1","-2.17","-1.9","-0.93","3.76","-0.75","4","3","109.49","5","42.55","17.66"
"CC(=O)NC(CCC(N)=O)C(O)=O","HMDB06029","S0265","b'N-Acetylglutamine'","188.0797","211.0695","144.4 ","[M+Na]","0","-1","-2.17","-1.9","-0.93","3.76","-0.75","4","3","109.49","5","42.55","17.66"
"CO[C@@H]1[C@@H](CO)O[C@H]([C@@H]1O)N1C=NC2=C1NC(N)=NC2=O","HMDB06038","L0235","b""3'-O-methylguanosine""","297.1073","320.0971","178.1 ","[M+Na]","0","0","-1.07","-1.5","-1.4","7.98","2.58","9","4","144.22","3","68.94","28.16"
"N[C@@H](CC1=CC=C(OP(O)(O)=O)C=C1)C(O)=O","HMDB06049","S0257","b'O-Phosphotyrosine '","261.0402","262.048","162.2 ","[M+H]","0","-2","-0.76","-1.5","-2.13","1.38","9.46","6","4","130.08","5","57.97","22.7"
"NC(CC1=CC=CC=C1O)C(O)=O","HMDB06050","S0258","b'DL-O-tyrosine'","181.0739","182.0817","141.4 ","[M+H]","0","0","-2.34","-1.5","-1.51","2.01","8.88","4","3","83.55","3","47.1","17.76"
"C/C(/C=C/C=C(/C)\C=C\C1=C(C)CCCC1(C)C)=C\C=O","HMDB06218","L0219","b'9-cis-Retinal'","284.214","285.2218","170.1 ","[M+H]","0","0","6.62","4.86","-4.83","NA","-4.1","1","0","17.07","5","96.87","35.08"
"[H]C12CC[C@H]([C@H](C)CCCC(C)(C)O)[C@@]1(C)CCC1([H])[C@@]2([H])CC=C2C[C@@H](O)CC[C@]12C","HMDB06247","S0290","b'25-Hydroxycholesterol'","402.3498","367.3364","201.0 ","[M+H-2H2O]","0","0","5.95","5.64","-6.22","18.2","-1","2","2","40.46","5","122.45","50.21"
"C[C@H](NC(=O)CC[C@H](N)C(O)=O)C(O)=O","HMDB06248","S0346","b'5-L-Glutamyl-L-alanine'","218.0903","219.0981","149.6 ","[M+H]","0","-1","-3.36","-3.8","-1.23","1.93","9.31","6","4","129.72","6","48.59","20.93"
"OCCCCCCCCCCCCCCCC([O-])=O","HMDB06294","S0320","b'16-Hydroxypalmitic acid'","272.2351","295.2249","178.2 ","[M+Na]","-1","-1","5.93","4.82","-5.45","4.95","-2","3","1","60.36","15","89.85","34.95"
"OC[C@H]1OC(OP(O)(O)=O)[C@@H](O)[C@@H](O)[C@@H]1O","HMDB06330","L0414","b'D-Mannose 1-phosphate'","260.0297","283.0195","158.3 ","[M+Na]","0","-2","-2","-3.1","-0.91","1.16","-3","8","6","156.91","3","46.8","20.68"
"NC(=O)CC[C@H](NC(=O)CC1=CC=CC=C1)C(O)=O","HMDB06344","L0217","b'Alpha-N-Phenylacetyl-L-glutamine'","264.111","265.1188","158.7 ","[M+H]","0","-1","-0.35","-0.086","-2.83","3.9","-0.95","4","3","109.49","7","67.28","26.55"
"CCCCCCCCCC(=O)SCCNC(=O)CCNC(=O)C(O)C(C)(C)COP(O)(=O)OP(O)(=O)OC[C@H]1O[C@H]([C@H](O)[C@@H]1OP(O)(O)=O)N1C=NC2=C1N=CN=C2N","HMDB06404","L0189","b'Decanoyl-CoA'","921.251","922.2588","277.0 ","[M+H]","0","-4","0.87","-3.2","-2.5","0.83","4.95","17","9","363.63","28","209.04","87.87"
"O[C@H]1C[C@@H](O[C@@H]1COP(O)(O)=O)N1C=NC2=C1NC=NC2=O","HMDB06555","L0390","b""2'-Deoxyinosine 5'-monophosphate""","332.0522","355.042","166.8 ","[M+Na]","0","-3","-1.58","-2.6","-2.2","1.22","2.77","9","4","155.5","4","70.26","27.21"
"NC1=C2N=CN([C@@H]3O[C@H](CO[P@](O)(=O)O[P@](O)(=O)O[C@H]4O[C@H](CO)[C@@H](O)[C@H](O)[C@H]4O)[C@@H](O)[C@H]3O)C2=NC=N1","HMDB06557","L0437","b'ADP-glucose'","589.0822","590.09","214.5 ","[M+H]","0","-2","-1.76","-7.4","-2.09","1.73","5","16","9","311.75","9","117.09","48.69"
"COC1=C(OC)C(=O)C(C\C=C(/C)CCC=C(C)C)=C(C)C1=O","HMDB06709","L0222","b'Ubiquinone (Q2)'","318.1831","319.1909","174.3 ","[M+H]","0","0","3.75","3.88","-4.5","NA","-4.7","4","0","52.6","7","96.18","36.45"
"OC[C@H]1O[C@@](CO)(OP(O)(O)=O)[C@@H](O)[C@@H]1O","HMDB06800","S0305","b'Beta-D-Fructose 2-phosphate'","260.0297","283.0195","154.0 ","[M+Na]","0","-2","-2.09","-2.9","-0.88","0.83","-3","8","6","156.91","4","47.23","20.89"
"CCCCCCCCCCCCCCCC(=O)OC[C@]([H])(COP([O-])(=O)OCC[N+](C)(C)C)OC(=O)CCCCCCC\C=C/CCCCCCCC","HMDB07972","L0364","b'2-Oleoyl-1-palmitoyl-sn-glycero-3-phosphocholine'","759.5778","760.5856","286.7 ","[M+H]","0","0","5.59","8.64","-7.6","1.86","-6.7","4","0","111.19","41","226.18","94"
"CCCCCCCCCCCCCCCCCC(=O)OC[C@]([H])(COP([O-])(=O)OCC[N+](C)(C)C)OC(=O)CCCCCCC\C=C/CCCCCCCC","HMDB08038","L0411","b'1-Stearoyl-2-oleoyl-sn-glycerol 3-phosphocholine (SOPC)'","787.6091","788.6169","292.8 ","[M+H]","0","0","5.89","9.53","-7.64","1.86","-6.7","4","0","111.19","43","235.39","97.8"
"O[C@@H]1[C@@H](O)[C@H](OC2=CC=CC=C2C(O)=O)O[C@@H]([C@H]1O)C(O)=O","HMDB10313","L0218","b'1-Salicylate glucuronide'","314.0638","337.0536","170.1 ","[M+Na]","0","-2","-0.46","-0.62","-1.24","2.9","-3.7","9","5","153.75","4","67.31","28.06"
"CCO[C@@H]1O[C@@H]([C@@H](O)[C@H](O)[C@H]1O)C(O)=O","HMDB10325","L0215","b'Ethyl glucuronide'","222.074","267.0458","166.2 ","[M-H+2Na]","0","-1","-1.84","-1.6","0.1","3.45","-3.7","7","4","116.45","3","45.29","20.6"
"[H][C@](O)(CO)COC(=O)CCCCCCCCCCCCCCCCC","HMDB11131","L0413","b'1-Stearoyl-sn-glycerol'","358.3083","341.3055","199.6 ","[M+H-H2O]","0","0","6.73","5.97","-5.52","13.62","-3","3","2","66.76","20","103.31","46.48"
"CC(C)C(NC(=O)CCC(N)C(O)=O)C(O)=O","HMDB11172","L0410","b'gamma-L-Glutamyl-L-valine'","246.1216","247.1294","160.1 ","[M+H]","0","-1","-2.9","-2.9","-1.44","2.1","9.31","6","4","129.72","7","57.58","24.62"
"CC(C)CC(N)C(=O)N1CCCC1C(O)=O","HMDB11175","L0212","b'L-leucyl-L-proline '","228.1474","211.1446","149.5 ","[M+H-H2O]","0","0","-0.78","-1.9","-0.71","3.92","8.43","4","2","83.63","4","59.16","24.37"
"N[C@@H](CC(=O)C1=CC=CC(O)=C1N)C(O)=O","HMDB11631","L0419","b'3-Hydroxy-L-kynurenine'","224.0797","207.0769","137.5 ","[M+H-H2O]","0","0","-2.09","-2.2","-1.83","0.99","8.9","6","4","126.64","4","57.03","21.67"
"OC[C@H](O)[C@@H](O)[C@H](O)[C@@H](O)CO","HMDB11632","L0396","b'L-Iditol'","182.079","205.0688","143.0 ","[M+Na]","0","0","-2.68","-3.7","0.1","12.59","-3","6","6","121.38","5","38.4","17.14"
"NC1=NC(=O)N(C=C1)C1O[C@H](CO)[C@H]2OP(O)(=O)O[C@@H]12","HMDB11691","L0307","b""Cytidine 2',3'-cyclic phosphate ""","305.0413","306.0491","162.3 ","[M+H]","0","-1","-1.78","-2.3","-1.17","-0.65","1.76","7","3","143.91","2","61.64","25.76"
"N[C@@H](CCC(=O)N[C@@H](CCC(O)=O)C(O)=O)C(O)=O","HMDB11737","L0352","b'gamma-L-Glutamyl-L-glutamic acid'","276.0958","277.1036","162.6 ","[M+H]","0","-2","-3.19","-4.2","-1.55","1.93","9.31","8","5","167.02","9","59.38","25.7"
"NCCP(O)(O)=O","HMDB11747","S0372","b'Ciliatine'","125.0242","126.032","128.7 ","[M+H]","0","0","-1.55","-3.2","-0.55","1.53","10.43","4","3","83.55","2","25.25","10.24"
"OC1C=CC(CC(=O)C(O)=O)(C=C1)C(O)=O","HMDB12283","L0118","b'Prephenate'","226.0477","249.0375","155.0 ","[M+Na]","0","-2","-0.31","0.061","-0.8","2.89","-2.1","6","3","111.9","4","53.55","19.73"
"COC1=CC(C=O)=CC=C1O","HMDB12308","L0436","b'Vanillin'","152.0473","153.0551","129.7 ","[M+H]","0","0","1.31","1.22","-1.48","7.81","-4.9","3","1","46.53","2","41.09","14.82"
"C\C(=C/CO)\C=C\C=C(/C)\C=C\C1=C(C)C(=O)CCC1(C)C","HMDB12329","L0350","b'4-Oxoretinol'","300.2089","283.2061","173.3 ","[M+H-H2O]","0","0","5.31","4.03","-4.39","16.44","-2.2","2","1","37.3","5","98.62","36.69"
"COC1=CC(\C=C\CO)=CC=C1O","HMDB12915","L0362","b'Coniferol'","180.0786","163.0758","128.6 ","[M+H-H2O]","0","0","1.51","1.35","-2.01","9.98","-2.5","3","2","49.69","3","51.64","19.28"
"COC1=CC(\C=C\CO)=CC(OC)=C1O","HMDB13070","L0398","b'Sinapyl alcohol'","210.0892","193.0864","136.5 ","[M+H-H2O]","0","0","1.36","1.2","-2.26","9.4","-2.5","4","2","58.92","4","58.1","22.26"
"OC(=O)CN(CCN(CC(O)=O)CC(O)=O)CC(O)=O","HMDB15109","S0347","b'EDTA'","292.0907","293.0985","159.6 ","[M+H]","0","-3","-1.25","-5.2","-1.5","1.49","8.13","10","4","155.68","11","62.35","25.64"
"CC(C)CCC[C@@H](C)CCC[C@@H](C)CCC\C(C)=C\CC1=C(C)C(=O)C2=C(C=CC=C2)C1=O","HMDB15157","L0347","b'Phylloquinone'","450.3498","451.3576","217.3 ","[M+H]","0","0","8.48","9.7","-6.88","NA","-7.2","2","0","34.14","14","142.96","55.92"
"CC(C)[C@@H](C)\C=C\[C@@H](C)[C@@]1([H])CC[C@@]2([H])\C(CCC[C@]12C)=C\C=C1/C[C@@H](O)CC[C@@H]1C","HMDB15203","L0404","b'Dihydrotachysterol '","398.3549","399.3627","205.8 ","[M+H]","0","0","7.86","7.4","-6.5","18.3","-1.4","1","1","20.23","5","129.11","51.76"
"NC(CSCC(O)=O)C(O)=O","HMDB29415","L0048","b'S-Carboxymethyl-L-cysteine'","179.0252","180.033","137.2 ","[M+H]","0","-1","-3.2","-3.3","-0.92","1.84","9.14","5","3","100.62","5","39.11","16.66"
"NC(CC\C(O)=N\C(CC1=CC=CC=C1)C(O)=O)C(O)=O","HMDB29562","L0407","b'gamma-L-Glutamyl-L-phenylalanine'","294.1216","295.1294","168.2 ","[M+H]","0","-1","-2.04","-1.3","-2.73","1.86","9.54","7","4","133.21","8","73.73","29.25"
"OCC1OC(OC2=CC=C(O)C=C2)C(O)C(O)C1O","HMDB29943","S0273","b'Arbutin'","272.0896","295.0794","166.6 ","[M+Na]","0","0","-1.36","-0.9","-0.84","9.82","-3","7","5","119.61","3","62.16","25.92"
"COC1=CC=C2C(NC3=C2C=CN=C3C)=C1","HMDB30311","S0284","b'Harmine'","212.095","213.1028","146.0 ","[M+H]","0","0","3.05","1.85","-3.54","13.54","6.15","2","1","37.91","1","62.37","23.45"
"CC(=O)OC1=CC(C)=C(OC(C)=O)C2=CC=CC=C12","HMDB32725","S0272","b'Acetomenaphthone'","258.0892","281.079","157.2 ","[M+Na]","0","0","3.01","2.69","-4.27","NA","-6.8","2","0","52.6","4","69.81","27.06"
"CCCCCCCCCCCCCCCCCC(N)=O","HMDB34146","S0286","b'Stearamide'","283.2875","284.2953","188.3 ","[M+H]","0","0","7.87","6.34","-6.58","16.88","-0.58","1","1","43.09","16","88.11","39.03"
"CSCCC(NC(=O)CCC(N)C(O)=O)C(O)=O","HMDB34367","L0408","b'gamma-Glutamyl-L-methionine'","278.0936","279.1014","165.1 ","[M+H]","0","-1","-2.79","-3.2","-1.91","1.92","9.31","6","4","129.72","9","65.67","27.85"
"OC[C@H]1O[C@@H](O[C@@H](C#N)C2=CC=CC=C2)[C@H](O)[C@@H](O)[C@@H]1O","HMDB34934","L0447","b'Prunasin'","295.1056","318.0954","173.7 ","[M+Na]","0","0","-0.56","-0.82","-1.02","12.21","-3","7","4","123.17","4","70.1","28.55"
"COC1=C(O)C=C2OC3=C(C(O)=C(CC=C(C)C)C(O)=C3)C(=O)C2=C1CC=C(C)C","HMDB35796","L0394","b'D-Ribulose 1,5-bisphosphate '","309.9855","332.9753","163.3 ","[M+Na]","0","0","4.41","6","-4.64","7.28","-4.2","5","3","96.22","5","117.71","45.21"
"[H][C@]1(COP(O)(O)=O)O[C@@]([H])([N+]2=CC=CC(=C2)C(O)=N)[C@]([H])(O)[C@]1([H])O","HMDB59645","L0168","b'beta-Nicotinamide D-ribonucleotide'","335.0639","335.0639","165.2 ","[M]","1","-2","-1.54","-8.6","-2.38","1.21","6.02","8","6","164.41","5","82.64","29.35"
"NCCO[P@@](O)(=O)OC[C@@H](O)CO","HMDB59660","S0362","b'sn-Glycerol 3-phosphoethanolamine'","215.0559","238.0457","147.2 ","[M+Na]","0","0","-2.31","-3.4","-0.77","1.87","10","5","4","122.24","7","43.82","18.88"
"O[C@H]1CN[C@H](C1)C(O)=O","HMDB60460","S0275","b'cis-4-Hydroxy-D-proline'","131.0582","132.066","128.4 ","[M+H]","0","0","-3.31","-3.7","0.57","1.64","10.62","4","3","69.56","1","29.38","12.34"
"O[C@@H](C#N)C1=CC=CC=C1","HMDB60486","S0386","b'Mandelonitrile'","133.0528","134.0606","128.9 ","[M+H]","0","0","0.68","0.95","-1.35","11.8","-4.2","2","1","44.02","1","37.68","13.55"
